type,1sen1,2sen1,3sen1,4sen1,1Sen2,2sen2,3sen2,4sen2,1sen3,2sen3,3sen3,4sen3,1sen4,2sen4,3sen4,4sen4,1Sen5,2sen5,3sen5,4sen5,1sen6,2sen6,3sen6,4sen6,1sen7,2sen7,3sen7,4sen7,1Sen8,2sen8,3sen8,4sen8,1Sen9,2sen9,3sen9,4sen9,1sen10,2sen10,3sen10,4sen10,1sen11,2sen11,3sen11,4sen11,1sen12,2sen12,3sen12,4sen12,1sen13,2sen13,3sen13,4sen13,1sen14,2sen14,3sen14,4sen14,1sen15,2sen15,3sen15,4sen15,1sen16,2sen16,3sen16,4sen16,1sen17,2sen17,3sen17,4sen17,1sen18,2sen18,3sen18,4sen18,1sen19,2sen19,3sen19,4sen19,1sen20,2sen20,3sen20,4sen20
1,4.49,3.55,3.06,3.15,4.49,4.01,3.5,3.15,4.49,4,2.99,3.15,4.08,3.55,2.58,3.15,3.98,3.45,3.45,3.15,4.01,3.45,3.37,3.5,4.08,3.55,2.65,4.05,4.49,4,2.19,3.6,4.49,4,3.06,3.59,4.49,4.01,3.01,3.15,4.08,3.55,2.6,3.6,3.98,3.43,3.35,3.04,4.49,3.91,3.4,3.5,4.49,3.55,2.19,3.6,4.49,3.55,3.5,3.15,4.08,3.55,2.6,3.15,4.49,3.55,3.01,3.15,3.98,3.52,3.04,3.15,4.39,3.45,2.91,3.5,4.49,3.54,2.19,3.6
1,4.49,3.55,2.64,3.6,4.49,4.01,3.06,3.15,4.49,3.55,3.01,3.15,4.08,3.55,2.6,3.6,3.98,3.45,3.35,3.5,4.08,3.55,3.06,3.52,4.49,3.55,3.52,3.6,4.49,3.55,2.19,3.6,4.08,3.55,2.6,3.15,4.08,3.55,2.58,3.15,4.39,3.45,2.91,3.5,4.49,3.55,2.19,3.5,4.49,3.55,2.19,3.6,4.49,4,3.06,3.6,4.49,4,3.47,3.15,4.49,4.01,2.99,3.15,4.39,3.55,3.06,3.15,3.98,3.45,2.5,3.04,4.49,4.01,3.52,3.6,4.49,3.55,3.5,3.6
1,4.49,3.55,3.04,3.15,4.49,4.01,3.01,3.15,4.49,3.54,3.06,3.15,3.98,3.55,2.58,3.15,4.39,3.89,3.35,3.5,4.49,3.55,2.19,3.6,4.08,4,3.06,3.6,4.08,3.55,2.58,3.15,4.08,3.55,2.58,3.15,3.98,3.45,2.58,3.15,4.08,3.55,3.04,3.04,4.08,3.55,3.04,3.6,4.08,3.55,2.6,3.6,4.08,3.55,2.6,3.15,3.98,3.55,2.6,3.15,4.08,3.5,3.37,3.5,4.08,3.55,3.06,3.15,4.08,3.55,3.04,3.15,4.49,4.01,3.01,3.15,4.49,3.55,2.99,3.15
1,3.98,3.55,3.47,3.15,4.39,3.45,3.35,3.5,4.49,3.55,3.4,3.5,4.49,3.55,2.19,3.6,4.49,3.55,3.04,3.15,4.49,4.01,2.99,3.15,4.49,4,3.01,3.15,4.39,4.01,3.01,3.15,3.98,3.45,3.35,3.04,4.49,3.55,3.06,3.08,4.49,3.55,2.19,3.6,4.49,3.55,3.04,3.6,4.08,3.55,2.6,3.15,3.98,3.55,3.45,3.15,3.98,3.45,2.96,3.04,4.49,3.55,2.64,3.6,4.49,3.55,2.19,3.6,4.49,3.55,3.06,3.6,4.49,3.55,3.01,3.15,4.49,3.55,2.99,3.15
1,3.98,3.45,3.45,3.15,4.08,3.45,2.91,3.5,4.08,3.55,3.04,3.6,4.49,3.55,3.5,3.15,4.08,3.55,2.6,3.15,4.08,3.55,2.6,3.15,3.98,3.45,2.48,3.04,4.08,3.55,3.5,3.5,4.49,3.55,2.65,3.6,4.49,3.55,2.6,3.15,4.08,3.55,3.45,3.15,4.49,3.55,3.45,4.05,4.39,3.55,2.99,3.15,4.39,3.45,2.96,3.5,4.08,3.55,2.64,2.74,4.08,3.55,3.04,3.6,4.49,3.55,3.04,3.6,4.49,4.01,2.99,3.15,4.49,4.01,3.45,3.6,3.98,3.45,3.45,3.15
1,4.08,3.45,2.89,3.49,4.49,4.01,3.52,3.5,4.49,4.01,3.5,3.15,4.49,3.55,2.6,3.15,4.49,3.55,2.6,3.15,4.49,3.55,3.47,3.59,4.39,3.55,3.06,3.15,4.39,3.45,3.35,3.5,4.49,3.5,3.35,3.5,4.49,3.55,2.64,3.6,4.08,3.55,3.06,4.06,4.08,3.55,2.6,3.15,4.08,3.55,3.04,3.15,3.98,3.45,3.06,3.15,4.08,3.55,3.04,3.5,4.08,3.55,3.04,3.15,4.49,3.15,2.58,3.6,4.49,3.55,3.45,3.6,4.49,3.55,2.99,3.6,3.88,4,3.91,2.58
1,4.59,6.39,2.75,3.42,3.11,3.86,2.5,3.84,6.22,13.53,2.35,3.66,5.41,3.25,2.89,4.06,3.52,3.6,1.79,3.84,4.54,3.2,3.09,3.3,3.77,2.89,3.96,3.66,3.67,4.2,3.37,4.22,3.42,3.66,1.99,3.86,3.52,3.6,2.19,2.89,3.16,2.94,2.35,3.55,3.21,3.4,2.19,3.5,4.74,3.3,2.55,3.45,3.47,4.42,2.91,2.86,3.88,3.86,3.3,3.5,3.32,3.15,2.09,3.4,4.44,3.45,2.09,3.4,4.39,3.04,2.75,4.06,3.37,3.55,3.72,3.35,4.03,3.66,2.86,3.5
1,3.06,3.89,3.16,3.91,3.98,2.99,2.75,3.5,3.67,4.05,2.35,3.55,3.26,3.6,2.5,3.76,4.39,3.4,2.89,3.09,3.57,3.45,2.45,3.86,4.18,3.3,2.7,2.98,4.39,3.55,2.24,3.45,4.44,3.4,2.81,4.06,4.13,3.71,3.3,3.55,3.21,3.49,2.18,3.4,3.11,3.45,3.25,3.35,4.39,3.15,2.96,3.35,3.21,4.11,2.3,4.1,4.49,3.55,2.19,3.55,3.98,3.86,3.09,4.2,3.11,4.01,3.47,3.91,3.26,3.6,2.18,3.2,3.98,3.91,3.47,2.53,3.93,3.5,3.01,3.25
1,4.64,3.76,3.42,3.86,3.16,3.91,2.45,3.35,3.83,3.74,3.21,3.66,3.32,3.54,2.19,3.71,3.26,3.2,3.2,2.84,4.34,3.5,3.21,3.6,3.16,4.05,2.45,3.45,4.49,4.05,1.73,3.35,3.16,3.4,2.69,3.04,3.16,3.5,3.26,3.96,3.26,4.06,3.11,2.89,3.21,3.25,3.16,2.99,4.28,3.86,3.4,3.35,3.16,3.09,3.11,3.35,3.26,3.6,3.42,3.66,3.16,3.55,2.75,3.84,4.08,3.96,2.33,3.45,3.11,3.09,3.62,3.04,3.16,3.2,3.76,3.91,3.16,4,3.2,3.45
1,3.16,3.5,1.94,3.4,3.21,3.59,3.11,2.94,3.16,3.04,3.11,3.71,3.16,3.5,3.15,3.09,4.03,4.01,3.5,3.59,3.21,4.11,2.28,3.3,3.16,3.5,3.26,3.4,3.06,2.94,3.04,3.94,3.26,3.2,2.35,2.89,4.13,3.15,2.69,2.99,3.11,3.96,3.09,3.25,3.06,3.5,3.25,3.64,4.54,3.15,3.2,3.2,3.16,3.04,2.65,3.3,3.16,3.96,3.2,3.89,3.26,3.2,3.15,2.94,3.11,3.49,2.94,3.45,3.11,3.09,3.01,4.2,4.49,3.15,3.2,3.35,4.54,3.15,2.53,4.11
1,3.18,3.55,2.65,3.6,3.18,3.55,3.01,3.6,3.16,3.55,2.6,3.15,3.18,3.45,2.91,3.5,3.18,3.55,3.06,3.6,3.16,3.55,3.04,3.15,3.16,3.55,3.47,3.15,3.08,3.45,3.47,3.15,3.16,3.91,2.58,3.04,3.18,3.55,3.04,3.15,3.16,3.55,3.45,3.15,3.16,3.55,3.01,3.6,3.06,3.45,2.94,3.04,3.16,4.01,3.5,3.15,3.16,3.55,3.5,3.6,3.16,3.55,2.6,3.6,3.16,3.55,3.47,3.15,3.08,3.45,2.48,3.04,3.16,3.55,2.19,3.6,3.18,3.55,3.47,3.15
1,3.18,3.55,3.47,3.15,3.06,3.45,2.96,3.04,3.16,3.55,2.65,3.6,3.16,3.55,2.6,3.15,3.16,3.55,2.6,3.2,3.08,3.45,2.96,3.04,3.18,3.55,3.5,3.15,3.18,4.01,2.65,3.6,3.16,3.55,3.01,3.6,3.16,3.55,3.06,3.15,3.06,3.45,2.96,3.04,3.18,3.55,3.06,3.15,3.18,3.55,3.45,3.6,3.18,3.55,3.45,3.15,3.06,3.45,3.06,3.15,3.16,3.55,3.42,3.5,3.18,3.55,3.52,4.05,3.18,3.55,3.04,3.15,3.18,3.55,3.01,3.6,3.06,3.45,3.06,3.6
1,3.18,3.55,3.4,3.5,3.16,3.55,3.06,3.6,3.16,3.55,3.45,3.6,3.16,3.55,3.01,3.15,3.06,3.45,3.06,3.6,3.16,3.55,3.5,3.04,3.18,3.55,2.65,3.6,3.16,3.55,3.47,3.15,3.16,3.55,2.99,3.15,3.08,3.45,2.96,3.04,3.16,3.55,3.5,3.6,3.18,3.55,2.6,3.6,3.16,3.55,2.6,3.6,3.06,3.45,2.96,3.15,3.16,3.55,2.65,3.6,3.18,4.01,3.52,3.6,3.18,3.55,3.45,3.15,3.16,3.55,3.47,3.15,3.06,3.45,3.04,3.6,3.16,3.55,3.06,3.5
1,3.18,3.55,3.06,3.6,3.16,3.55,3.01,3.15,3.18,3.57,3.01,3.15,3.06,3.45,2.5,3.04,3.18,3.55,2.65,4.06,3.16,3.55,2.6,3.6,3.18,3.55,3.47,3.15,3.06,3.45,2.48,3.04,3.18,3.55,2.65,3.6,3.16,3.55,2.58,3.6,3.16,3.55,3.04,3.15,3.06,3.45,3.06,3.15,3.18,3.55,2.65,3.96,3.16,3.55,3.06,3.6,3.18,3.55,3.47,3.15,3.16,3.55,2.6,3.6,3.06,3.45,2.5,3.5,3.16,3.55,2.65,4.06,3.16,3.55,2.58,3.6,3.16,3.55,2.6,3.15
1,3.08,3.45,2.6,3.5,3.16,4.01,3.52,3.5,3.16,3.55,3.06,3.6,3.18,3.55,3.04,3.6,3.18,3.55,3.47,3.15,3.06,3.45,2.96,3.04,3.16,3.57,3.5,3.6,3.16,3.55,3.5,3.15,3.16,3.55,3.47,3.16,3.16,3.55,3.47,3.15,3.06,3.45,2.96,3.04,3.16,4.01,3.04,3.15,3.16,3.55,3.04,3.15,3.18,3.55,3.45,3.15,3.18,3.55,2.6,3.6,3.16,3.55,2.19,3.5,3.16,3.55,3.5,3.16,3.18,3.55,3.47,3.15,3.16,3.55,3.01,3.15,3.08,3.45,2.5,3.5
1,3.18,4.01,3.52,3.6,3.18,3.55,2.65,3.6,3.16,3.55,3.01,3.15,3.18,3.55,3.01,3.15,3.16,3.45,2.91,3.5,3.18,3.55,2.65,3.6,3.18,3.55,3.01,3.15,3.18,3.55,3.47,3.15,3.08,3.45,2.96,3.04,3.18,3.55,2.19,3.6,3.18,3.55,2.6,3.15,3.18,3.55,2.6,3.15,3.08,3.45,2.5,3.04,3.16,3.55,3.5,3.16,3.16,3.55,3.52,3.6,3.18,3.55,3.45,3.15,3.16,3.55,3.01,3.15,3.06,3.45,2.48,3.04,3.16,3.55,2.65,3.6,3.18,3.55,3.47,3.15
1,3.18,3.55,3.06,3.15,3.08,3.45,2.5,3.04,3.16,3.55,2.19,3.6,3.16,3.55,2.6,3.15,3.16,3.55,3.47,3.15,3.08,3.45,2.5,3.5,3.16,3.55,3.5,3.6,3.18,3.57,2.19,3.6,3.16,3.55,3.47,3.15,3.16,3.55,3.45,3.16,3.06,3.45,3.81,3.04,3.18,3.55,2.19,3.6,3.16,3.55,2.99,3.15,4.49,3.55,3.47,3.15,3.16,3.55,3.45,3.15,3.08,3.45,2.5,3.04,3.16,3.55,2.65,3.6,3.16,3.55,3.01,3.16,3.18,3.55,3.47,3.6,3.06,3.45,2.94,3.04
1,3.16,3.55,2.64,3.2,3.16,3.55,3.06,3.15,3.18,3.55,2.99,3.15,3.08,3.45,3.06,3.15,3.18,3.55,2.65,3.5,3.18,3.55,3.5,3.16,3.16,3.55,3.47,3.15,3.18,3.55,3.45,3.15,3.08,3.45,2.94,3.04,3.18,3.55,3.06,3.15,3.16,3.55,3.5,3.6,3.18,3.55,3.45,3.6,3.16,3.55,3.45,3.6,3.06,3.45,2.96,3.5,3.18,4.01,2.65,3.6,3.18,3.55,2.65,3.6,3.16,3.55,2.6,3.15,3.18,3.55,3.06,3.15,3.16,3.5,3.3,3.5,3.16,4.01,3.52,3.6
1,3.18,3.55,3.04,3.15,3.18,3.55,2.53,3.15,3.06,3.45,3.06,3.6,3.16,3.55,3.06,3.5,3.16,3.55,3.04,3.6,3.18,3.55,2.99,3.15,3.16,3.55,3.06,3.15,3.08,3.45,2.89,3.04,3.16,3.55,3.5,3.16,3.16,3.55,3.06,3.6,3.16,3.55,2.6,3.15,3.06,3.45,3.83,3.6,3.16,3.54,2.6,3.04,3.18,3.55,3.5,3.15,3.16,3.55,3.06,3.15,3.16,3.55,3.01,3.15,3.06,3.45,2.96,3.04,3.16,3.55,3.09,3.15,3.16,3.55,2.64,4.06,3.16,3.55,2.99,3.15
1,3.08,3.45,2.6,3.15,3.18,3.55,2.64,3.6,3.16,3.57,3.04,4.01,3.16,3.55,3.47,3.16,3.18,3.55,3.01,3.15,3.06,3.45,2.96,3.5,3.18,3.55,3.04,3.6,3.16,3.55,2.19,3.55,3.16,3.55,3.47,3.6,3.16,3.55,2.99,3.15,3.16,3.45,3.37,3.5,3.18,3.55,3.52,4.06,3.16,3.55,2.65,4.06,3.16,3.55,2.6,3.16,3.16,3.55,3.06,3.15,3.18,3.45,2.94,3.5,3.16,3.55,3.06,3.6,3.18,3.55,3.01,3.15,3.16,3.57,2.6,3.6,3.06,3.45,2.48,3.04
1,3.18,3.55,2.65,3.15,3.16,3.55,3.47,3.6,3.18,3.55,2.6,3.15,4.39,3.55,2.6,3.6,3.18,3.45,3.37,3.5,3.18,3.55,3.06,3.15,3.16,3.55,3.45,3.6,3.16,3.55,3.01,3.6,3.06,3.06,3.06,3.06,3.08,3.45,3.06,3.6,3.18,3.55,3.4,3.5,3.18,3.15,2.6,3.15,3.16,3.55,2.6,3.15,3.16,3.55,3.06,3.15,3.18,3.45,3.76,3.5,3.18,3.55,3.11,3.6,3.16,3.55,3.42,3.6,4.44,3.91,3.55,3.15,3.08,2.99,3.96,3.2,3.57,3.3,4.06,10.57
1,4.1,3.45,2.64,5.44,15.5,15.5,15.5,15.5,3.67,3.45,2.74,3.76,4.2,3.86,2.53,2.94,3.43,2.84,2.99,3.15,4.34,3.55,3.04,3.55,4.45,3.5,3.09,3.55,3.11,3.45,2.58,3.4,3.98,3.45,2.86,3.3,3.67,4.32,3.25,2.96,4.49,3.3,1.89,3.2,4.42,3.4,2.7,3.09,4.39,3.55,2.35,3.35,4.51,3.96,2.89,3.5,3.16,3.16,3.16,3.16,4.51,3.55,3.5,3.15,4.49,4.01,3.01,3.55,3.16,3.55,2.6,4.01,3.06,3.45,2.5,3.5,3.16,3.55,3.06,3.6
1,3.16,3.55,3.04,3.6,4.51,3.55,2.6,3.6,4.49,3.55,3.47,3.15,4.39,3.15,3.5,4.01,3.06,3.45,2.48,3.5,3.11,3.91,2.14,3.04,3.23,3.55,1.89,7.23,3.83,3.83,3.83,3.83,4.25,4.11,3.3,3.11,4.08,4.01,4.64,3.2,4.39,3.09,2.96,3.4,3.16,3.55,2.19,3.71,3.18,4.01,4.06,3.3,3.11,3.04,2.96,3.81,3.21,4.01,2.45,3.5,3.11,3.86,3.21,3.01,3.26,3.25,3.71,3.66,4.03,3.09,3.01,3.35,3.83,2.94,2.81,3.45,4.1,3.2,3.42,2.79
1,4.08,4,2.64,3.2,4.08,3.55,3.04,3.2,4.08,3.55,2.6,3.2,3.98,3.43,3.47,3.59,4.08,3.45,3.35,3.5,4.08,3.55,3.5,3.6,4.08,4.01,3.06,3.6,4.08,3.55,3.06,3.6,4.08,3.55,2.6,3.6,3.96,4.01,3.01,3.15,3.98,3.45,2.94,3.04,4.08,3.55,3.06,3.15,4.08,4.01,3.04,3.6,4.08,3.55,2.58,3.6,4.08,3.55,3.06,3.15,3.98,3.45,3.47,3.2,4.08,3.91,2.89,3.5,4.08,3.55,3.06,3.6,4.08,3.55,2.64,3.2,4.08,3.55,3.04,3.15
1,4.08,3.55,3.91,3.15,3.98,3.55,3.45,3.6,4.39,3.45,2.91,3.04,4.08,3.55,3.06,4.05,4.08,3.55,2.65,4.06,4.08,3.55,3.06,3.15,4.08,3.55,2.6,4.06,4.01,3.55,2.99,4.05,3.98,3.43,2.5,3.09,4.08,4.01,3.52,3.5,4.08,3.55,3.06,4.05,4.08,3.55,2.64,4.06,4.08,3.54,3.5,3.6,4.08,3.55,3.5,4.05,3.98,4,2.65,3.6,4.08,3.45,3.35,3.49,4.08,4.01,3.04,3.6,4.08,3.54,2.65,3.6,4.08,3.55,3.04,2.74,4.08,3.55,3.06,3.15
1,3.98,3.45,3.06,3.6,4.08,3.49,2.99,3.49,4.08,3.55,2.65,3.2,4.08,3.55,3.06,4.06,4.08,3.55,3.04,3.2,4.08,3.55,3.04,2.74,3.98,3.45,2.94,3.09,4.08,3.55,3.5,3.2,4.08,4,2.19,4.05,4.08,3.55,2.99,3.15,4.08,3.55,3.04,4.05,3.98,3.55,3.91,3.6,3.98,3.45,2.94,3.96,4.08,3.55,2.55,3.5,4.03,3.04,3.04,3.2,4.23,3.96,2.45,2.43,4.59,3.4,2.14,4.45,3.93,3.3,3.35,3.45,13.75,12.58,2.99,4.91,3.11,3.45,2.94,3.4
1,4.28,3.25,2.45,3.74,3.32,2.89,2.6,3.79,4.64,3.59,3.76,2.58,4.49,3.55,2.74,2.84,3.57,3.09,2.3,2.89,4.49,3.94,2.3,3.55,4.23,3.81,2.81,3.66,3.32,3.55,2.3,3.71,3.37,3.4,3.11,3.66,3.72,3.55,3.26,4.05,4.03,3.5,2.74,3.4,3.37,3.76,3.45,4.06,3.11,3.45,2.89,4.2,3.88,2.94,2.79,3.89,3.83,3.3,3.35,3.71,4.08,4.4,3.81,3.59,3.77,3.2,3.25,3.5,3.21,3.25,2.38,3.4,4.64,3.25,2.86,3.2,3.11,3.45,2.24,3.74
1,3.01,3.76,3.4,3.84,3.32,3.66,2.45,2.94,3.26,3.66,3.88,3.66,3.93,3.04,3.25,4.11,4.44,3.5,2.81,3.45,4.18,3.71,3.3,3.5,3.11,3.4,3.3,2.99,3.11,3.04,3.01,3.74,3.26,3.25,2.75,3.4,4.13,3.2,2.65,3.45,4.39,3.5,2.35,3.96,3.01,2.94,2.55,3.25,4.23,3.66,3.4,3.81,4.13,3.6,3.35,3.25,3.06,3.91,3.86,2.69,3.21,3.2,2.79,3.25,4.08,3.15,2.84,3.79,3.93,3.45,3.01,3.76,3.11,3.45,3.16,2.69,3.88,3.3,3.6,2.79
1,3.16,3.6,2.79,2.94,3.83,2.89,2.65,3.66,4.13,3.71,3.5,3.4,3.26,3.2,2.7,3.3,4.39,3.86,3.32,3.15,4.13,4.01,2.35,3.45,4.08,3.25,2.75,3.25,4.03,3.15,2.62,3.5,3.11,3.5,2.86,3.5,3.21,4.01,1.84,3.91,3.21,3.66,2.65,3.54,3.06,3.4,3.21,3.35,4.54,3.55,3.66,2.94,3.21,2.79,2.64,3.04,3.16,3.6,3.35,3.74,4.44,3.45,2.35,3.55,3.06,3.45,2.86,3.6,3.26,3.6,3.21,3.3,4.13,3.55,3.66,3.45,3.16,3.96,3.66,3.55
1,4.08,3.66,2.96,2.74,4.42,3.66,3.16,3.84,3.01,2.89,2.45,4.2,3.16,3.15,2.69,3.5,3.32,3.2,2.7,3.71,3.21,3.09,2.79,4.01,4.28,3.49,2.19,3.71,4.54,3.15,3.09,3.66,3.21,3.15,2.75,3.81,3.11,3.91,2.75,3.2,3.21,3.5,2.69,2.89,4.03,3.86,3.3,3.86,4.08,2.84,1.89,3.69,3.62,4.22,2.81,3.79,3.62,4.06,2.58,3.66,3.32,3.71,3.01,3.5,3.37,4.51,3.09,3.3,4.13,3.66,2.74,2.74,4.95,3.54,2.94,3.55,3.98,3.96,2.75,3.94
1,4.08,4.1,2.4,3.2,3.16,3.94,4.06,3.35,4.44,3.45,2.7,3.89,3.26,3.2,3.04,3.09,4.49,3.76,2.38,3.33,3.98,3.2,3.26,3.35,4.13,4.11,3.2,3.94,3.52,3.45,2.7,4.1,4.03,3.5,1.84,3.79,3.32,3.55,3.2,3.09,4.44,3.04,2.45,3.6,3.62,3.55,3.5,3.4,4.03,3.2,1.84,2.99,4.49,3.55,2.75,2.89,3.16,3.01,2.96,3.15,3.21,3.5,2.35,3.45,4.13,3.2,2.3,3.15,3.21,4.01,3.21,3.6,4.34,3.5,3.25,3.4,4.34,3.04,2.65,3.35
1,4.13,4.06,2.55,3.69,3.16,3.49,4.06,2.53,3.26,3.2,3.3,2.94,3.11,3.5,3.26,3.45,3.16,3.15,2.84,3.35,3.16,3.2,1.79,3.94,3.16,3.6,3.04,3.76,3.21,3.09,2.23,3.45,4.49,3.49,3.2,2.79,4.08,3.15,1.99,3.5,3.11,3.55,2.89,2.79,4.13,3.69,1.79,3.43,3.88,3.45,2.81,3.28,3.16,3.5,3.15,4,4.18,3.6,3.21,2.48,4.13,3.55,3.15,2.94,4.44,3.09,2.7,3.2,3.98,3.55,2.28,3.3,3.16,3.59,2.24,3.81,4.03,3.09,2.7,3.2
1,3.26,3.09,2.81,2.99,3.16,3.91,2.69,2.89,3.16,3.6,2.75,3.15,4.44,3.15,3.25,3.81,4.49,4.05,2.64,3.4,4.08,3.6,2.6,3.25,4.06,3.94,2.75,2.99,3.26,3.43,2.65,3.35,3.21,3.15,2.7,3.09,4.44,3.15,3.35,3.66,3.16,4.06,2.81,3.4,3.06,3.43,3.3,3.3,4.08,3.45,3.06,2.94,3.26,4.01,3.25,2.94,3.21,3.55,3.15,3.09,4.03,4.01,2.58,2.75,3.06,3.55,2.28,3.25,3.16,3.15,2.4,3.81,3.16,3.55,3.15,3.15,3.26,3.15,3.25,3.38
1,4.03,3.54,3.6,3.45,3.06,3.45,2.99,3.09,3.16,3.2,2.96,2.89,3.16,3.6,3.66,3.35,3.16,3.55,2.58,3.25,3.11,3.04,2.64,2.94,3.26,3.15,2.74,3.4,4.08,3.55,3.09,3.6,4.03,4,2.96,3.76,3.08,4.44,1.99,3.35,4.08,3.15,2.91,3.2,4.08,3.55,3.16,3.94,4.13,3.54,2.75,2.99,4.54,3.15,3.16,3.09,3.16,3.6,2.96,3.25,3.93,3.09,3.66,3.25,4.49,3.09,2.91,3.67,3.21,3.09,2.65,3.55,4.54,3.55,3.25,2.99,3.21,4,3.21,3.96
1,4.39,3.55,3.01,3.64,3.16,3.2,2.89,3.66,3.16,3.15,1.99,3.74,4.49,3.55,3.47,3.2,4.13,3.15,2.75,2.99,3.11,3.04,2.19,3.81,4.49,3.55,3.86,3.09,3.16,3.6,3.37,3.76,3.16,4.06,3.35,3.35,3.16,3.55,2.6,3.25,3.11,3.55,3.16,3.96,4.03,3.91,3.11,3.33,3.21,3.15,2.24,3.15,3.16,3.15,2.55,4.15,3.16,3.6,3.25,3.3,4.39,4.01,2.48,2.79,3.21,3.09,2.65,3.89,4.54,3.55,2.3,2.99,3.21,3.15,2.69,3.09,3.16,3.15,3.01,3.2
1,3.09,3.5,3.21,3.66,3.16,3.15,2.09,3.25,3.21,3.55,3.06,3.15,4.54,4.01,3.16,3.91,3.21,3.15,2.69,3.5,4.39,3.04,2.94,3.5,3.16,3.15,2.04,3.3,3.16,3.6,2.45,3.3,4.08,4.08,4.08,4.08,4.49,3.55,2.6,3.2,4.49,4.01,2.55,2.79,3.16,3.96,2.09,3.6,3.42,3.86,3.09,4.06,3.47,3.4,1.28,5.42,3.67,3.66,2.99,3.45,5.25,4.4,3.2,3.15,4.64,3.5,2.81,3.66,4.03,3.45,3.81,6.65,4.39,3.4,3.45,16.83,4.11,3.55,3.5,2.69
1,4.85,3.09,3.96,3.09,3.2,3.2,3.2,3.2,3.98,2.84,2.91,3.55,4.59,4.11,3.11,3.6,3.98,3.5,2.35,3.35,3.98,3.04,3.2,3.91,3.83,3.55,2.5,3.71,3.98,2.74,3.15,3.15,3.98,4.3,2.48,3.6,4.44,3.66,2.84,4.2,3.21,3.25,2.23,3.25,3.21,3.5,2.65,3.81,4.27,4.17,3.35,3.35,4.13,3.6,3.2,2.58,4.13,4.13,4.13,4.13,4.54,4.3,2.69,3.64,4.39,3.35,2.99,3.89,4.08,9.35,2.55,5.03,3.98,3.2,2.09,3.35,3.72,3.76,1.94,3.5
1,3.16,2.89,2.79,5.02,4.34,4.06,3.72,3.6,4.23,3.2,3.4,4.17,3.49,3.89,2.96,4.22,4.39,3.15,2.14,3.6,4.23,4.37,2.89,3.94,3.16,3.55,3.04,3.59,3.42,3.42,3.42,3.42,4.18,3.3,3.35,3.45,4.34,3.91,2.65,2.99,3.11,4.25,2.99,3.45,3.11,3.35,3.16,3.45,3.98,3.25,2.53,3.2,4.39,3.04,1.58,3.76,4.39,3.91,3.06,3.91,3.47,3.3,2.79,3.5,4.18,3.45,3.15,2.99,4.34,3.4,2.75,3.04,3.42,3.69,3.06,3.94,3.21,3.66,3.76,3.15
1,3.21,3.21,3.21,3.21,3.72,3.96,3.09,3.04,3.98,3.91,2.35,3.55,3.93,4.22,3.26,4.15,4.03,3.91,2.96,5.27,3.57,3.55,2.81,3.81,3.06,4.66,3.06,5.39,3.42,3.76,2.58,3.81,5,4.96,2.33,6.34,4.18,3.6,3.04,3.89,3.52,3.66,3.2,3.96,3.21,3.25,2.4,3.71,3.11,3.45,3.25,3.6,4.391,3.55,3.45,3.89,3.21,3.55,2.7,3.55,3.21,3.55,2.6,3.15,4.08,3.15,2.53,4.06,3.06,3.04,2.91,3.55,4.49,3.55,3.06,3.09,3.21,3.55,3.11,4.06
1,4.08,4.01,3.01,3.2,4.08,3.55,3.06,3.2,4.08,3.55,3.06,3.2,3.11,3.91,2.99,4.05,3.21,3.06,2.6,3.5,3.21,4,3.09,3.2,3.21,3.55,2.6,3.2,3.21,4,3.01,3.2,3.21,3.91,2.94,3.09,3.21,3.15,2.58,3.6,3.21,3.55,2.6,3.2,3.21,4.01,2.6,3.2,3.11,3.91,3.81,3.09,3.21,3.15,2.19,4.06,3.21,3.15,2.6,3.59,3.21,4.01,3.01,3.15,3.18,3.55,2.6,4.05,3.21,3.15,2.96,3.5,3.21,3.15,2.6,3.6,4.08,3.55,3.04,3.2
1,4.08,3.55,3.04,3.2,3.11,3.89,2.52,3.04,3.21,3.15,2.6,3.6,4.08,4,2.65,4.06,4.08,3.55,2.58,3.2,4.08,3.55,3.04,3.2,3.11,3.91,2.89,3.94,4.08,4.01,3.81,3.09,3.21,3.15,2.58,3.6,3.21,4.01,2.6,3.2,3.21,4.01,2.6,3.2,3.11,3.89,2.89,3.96,3.21,3.15,2.6,3.15,4.08,4,3.5,4.05,4.08,3.55,3.06,3.2,3.21,4,3.04,3.2,3.11,3.89,2.89,3.09,4.08,4,2.65,4.06,3.21,3.15,2.6,3.6,4.08,3.55,2.6,3.2
1,4.08,3.55,3.06,3.2,3.11,3.89,3.37,3.94,4.08,3.91,2.96,3.09,3.21,4.01,3.52,4.06,4.08,4.01,3.01,4.06,4.08,3.55,2.6,3.2,4.08,3.55,3.04,4.06,3.11,3.89,2.6,3.2,3.21,3.15,2.6,3.15,3.21,3.15,3.06,3.15,4.08,3.55,3.06,3.2,4.08,3.55,2.6,3.2,3.21,3.08,2.91,3.5,4.08,4.01,3.06,3.2,4.08,4.01,3.04,3.2,3.21,4.01,2.58,3.15,4.08,3.55,3.06,3.2,3.11,3.89,2.48,3.5,4.08,4.01,3.06,3.2,4.08,4.01,3.93,3.2
1,3.21,4.01,2.99,3.6,3.21,4,2.99,4.06,3.11,3.91,3.01,3.2,3.21,3.15,2.6,3.15,3.21,3.15,2.19,3.59,3.21,4.01,3.04,3.15,3.21,4,3.06,3.2,3.21,3.15,2.19,3.5,3.21,3.15,3.04,3.15,4.08,3.55,2.58,4.06,3.21,4.01,3.45,3.6,3.98,3.54,2.6,3.2,3.21,3.15,2.18,4.06,4.08,4.01,3.45,3.2,3.21,4.01,3.45,3.2,3.21,3.55,2.6,4.06,3.98,4.01,2.6,3.2,3.21,3.15,2.6,3.5,3.21,3.15,2.18,4.06,3.21,4,3.45,3.6
1,3.21,4,3.47,4.06,3.11,3.91,3.45,4.06,3.21,3.15,2.94,3.04,3.21,3.15,2.6,3.6,3.21,4,3.47,4.06,3.21,3.55,2.6,3.6,3.98,3.45,2.6,3.09,4.08,4.01,3.06,3.09,3.21,3.15,3.04,3.15,3.21,4.01,2.6,3.6,3.21,4.01,3.06,3.15,3.98,3.89,2.48,3.04,4.08,4.01,3.06,3.2,3.21,3.15,2.58,3.6,4.08,3.55,3.06,3.2,4.08,3.55,3.04,3.2,3.98,3.91,2.96,3.2,4.08,4.01,2.94,3.09,4.08,4,2.64,3.2,4.08,3.55,2.6,3.2
1,4.08,3.55,2.58,3.2,3.98,3.89,2.6,3.09,4.08,4,2.64,3.2,4.08,4,3.06,4.06,4.08,3.54,2.6,3.15,4.08,3.54,3.06,4.06,4.08,3.55,3.04,3.2,3.15,3.89,3.35,3.94,4.08,4,3.42,3.5,4.08,4.01,3.01,4.05,4.08,4.01,3.04,3.2,3.21,4.01,2.58,3.15,3.21,4.01,3.45,4.06,3.11,3.91,2.91,4,3.21,3.15,2.6,3.6,3.21,3.15,2.58,3.6,3.21,4.01,2.6,3.15,3.21,4.01,2.58,3.15,3.21,3.15,2.6,3.04,3.21,3.15,2.19,3.6
1,3.21,4.01,2.6,3.6,4.08,3.55,3.04,3.6,3.11,3.89,2.89,3.96,3.21,3.15,2.19,3.6,3.21,4.01,2.99,4.06,3.21,4.01,3.45,3.6,3.21,3.55,2.6,3.2,3.11,3.91,2.91,3.96,3.21,3.15,2.19,4.06,3.21,3.55,3.06,3.6,3.21,4.01,3.01,3.15,3.21,4.01,2.99,3.15,3.98,3.91,2.91,3.94,3.21,3.15,2.6,3.15,3.21,3.15,2.19,4.05,3.21,3.55,2.58,3.6,3.11,3.91,3.47,4.05,3.11,3.89,2.91,3.5,3.21,3.15,2.19,3.6,3.21,4.01,3.01,4.06
1,3.21,3.55,2.58,3.6,3.11,3.91,2.99,3.2,3.21,3.15,2.19,3.6,3.21,3.15,2.18,4.06,4.08,3.55,3.06,4.06,4.08,3.55,3.04,4.05,3.11,3.91,3.01,3.2,3.21,3.15,3.04,3.5,3.21,3.15,3.04,3.15,3.21,4.01,2.6,3.2,4.08,3.55,2.6,3.2,3.11,3.89,3.35,3.5,3.21,3.15,3.06,3.59,3.21,4,3.52,4.06,3.21,4.01,2.58,3.15,3.21,4,3.47,4.05,3.11,3.91,3.35,4.06,3.21,3.15,2.19,3.94,4.08,4.01,3.01,4.05,3.21,4,2.65,4.06
1,3.21,4,3.01,3.2,3.11,3.91,3.45,3.2,3.21,3.15,2.19,3.94,4.08,4.01,3.04,3.2,3.21,3.55,2.58,3.6,4.08,3.55,3.04,3.2,3.98,4.01,2.6,3.2,4.08,3.89,2.91,3.96,4.08,4.01,3.04,3.2,4.08,4,2.65,4.06,4.08,3.55,3.04,3.2,3.21,4,3.45,4.06,3.11,3.89,2.55,3.15,4.08,3.89,2.5,3.09,3.21,3.15,3.04,3.6,3.21,4,3.45,4.05,4.08,3.55,2.6,3.2,3.11,3.91,3.06,3.2,3.21,3.15,3.06,3.6,4.08,4.01,2.99,4.05
1,3.21,4.01,3.04,3.2,4.08,3.55,3.04,3.2,3.98,4,3.45,4.05,3.11,3.91,2.91,3.96,4.08,3.96,3.81,3.09,4.08,4,3.04,3.2,3.21,4,2.65,4.06,3.21,4.01,2.58,3.15,3.11,3.93,3.01,4.05,3.98,3.89,2.5,3.09,4.08,4,3.52,3.96,3.21,3.15,2.6,3.6,3.21,4.01,3.01,3.2,3.21,3.59,2.99,3.2,3.18,3.04,3.35,3.5,3.21,3.15,2.6,3.6,4.08,3.55,2.6,3.2,3.21,4.01,2.6,3.2,3.11,3.89,2.89,3.09,3.21,3.15,2.58,3.6
1,3.21,4.01,3.04,3.2,3.21,4.01,2.6,3.2,3.11,4,3.45,4.05,3.11,3.49,3.42,3.5,3.21,3.15,2.19,3.6,3.21,4,3.04,3.2,3.21,4.01,2.6,3.2,3.11,3.91,2.89,3.96,3.21,3.21,3.21,3.21,3.21,4.01,2.6,2.75,3.11,3.45,2.48,3.5,3.21,4.01,3.45,3.09,3.21,3.15,2.6,3.15,3.21,4.01,2.53,3.64,3.21,3.55,3.06,4.06,3.11,3.45,3.35,3.5,4.08,4.01,3.81,3.09,4.08,3.55,2.19,3.15,4.08,3.55,3.37,3.6,2.91,2.94,2.45,2.99
1,4.62,3.03,3.25,3.33,4.62,4.35,3.71,3.33,4.62,3.49,3.3,2.89,3.32,3.49,2.84,3.33,3.21,2.94,2.24,2.79,3.3,3.03,3.71,3.79,3.32,3.49,3.28,3.79,4.62,3.49,2.84,3.79,3.3,3.03,1.94,2.89,3.2,2.92,1.89,3.23,3.32,3.49,3.3,3.35,3.32,3.89,2.79,3.35,3.3,3.49,3.3,2.89,3.2,2.94,3.09,3.23,3.3,3.03,3.71,3.33,3.3,3.04,2.38,3.33,3.3,3.49,3.71,3.79,3.2,2.94,1.79,3.69,3.3,3.03,3.69,3.79,3.3,3.03,3.71,3.79
1,3.32,3.49,2.84,3.33,3.32,3.49,2.84,3.33,3.2,2.94,3.09,3.23,3.3,3.03,3.71,3.79,3.32,3.49,3.3,3.33,3.3,3.04,2.79,2.89,3.2,2.92,2.64,3.23,3.32,3.49,2.84,3.77,3.32,4.34,3.3,3.33,3.3,3.49,3.69,3.33,3.3,4.34,4.17,3.33,3.32,3.49,3.3,3.33,3.2,2.92,3.09,3.23,4.62,3.49,3.3,3.79,3.3,3.03,3.2,3.33,3.32,3.89,2.79,2.89,3.3,3.49,3.71,3.79,3.2,3.38,3.15,2.82,3.32,4.34,3.3,3.79,3.3,3.03,3.69,3.79
1,3.32,3.89,2.79,3.33,3.32,3.89,3.25,3.79,3.2,2.92,2.18,2.79,3.3,3.04,3.71,3.79,3.3,3.03,3.69,3.79,3.3,3.49,4.15,3.79,3.32,3.49,3.3,3.33,3.21,2.92,2.18,2.77,3.32,3.89,3.25,3.79,3.3,3.03,3.71,3.79,3.3,3.49,3.69,3.33,3.32,4.34,3.3,3.33,3.21,2.92,2.23,3.23,3.3,3.03,3.71,3.79,3.32,3.49,3.3,3.79,3.3,3.04,2.38,3.33,4.52,3.89,2.79,2.87,3.26,4.25,3.15,3.69,3.3,3.04,3.2,2.89,3.32,3.49,2.38,3.33
1,4.62,3.49,3.3,3.33,3.32,3.49,2.84,3.33,4.52,3.79,3.15,3.72,4.62,3.38,3.15,3.23,3.3,3.03,3.69,2.94,4.62,3.49,3.3,3.33,4.62,4.34,2.38,3.33,4.62,3.89,2.79,2.87,3.21,2.92,2.65,2.79,4.62,4.25,3.15,3.69,3.3,3.04,3.2,3.33,4.62,4.34,3.3,3.79,3.3,3.49,4.15,3.79,3.3,3.03,1.92,2.89,3.21,2.92,3.09,3.23,4.62,3.49,3.3,3.35,3.32,3.49,3.3,3.79,3.32,4.34,2.84,2.89,3.32,3.49,3.71,3.35,3.21,2.92,2.18,2.79
1,3.3,3.03,3.71,3.79,4.62,3.49,3.3,3.33,3.32,3.49,3.3,3.33,3.32,4.34,2.84,2.89,3.2,4.23,3.25,3.33,3.3,3.04,3.25,3.69,3.32,4.34,3.3,3.33,3.3,3.04,2.84,3.33,3.32,3.89,2.79,3.35,3.2,2.92,1.79,3.69,3.3,3.03,3.71,3.35,3.32,3.49,3.3,3.33,3.32,3.49,3.71,3.35,3.32,3.49,3.3,3.33,3.2,4.25,3.15,3.69,3.32,3.49,3.3,3.69,3.32,3.5,3.25,3.33,3.32,3.49,3.71,3.33,3.32,3.89,2.79,2.89,3.21,2.94,2.69,2.77
1,3.32,3.49,3.3,3.79,4.62,3.49,2.84,3.79,3.32,3.49,2.38,2.87,3.32,3.49,2.84,3.35,3.2,2.94,1.77,2.77,3.3,3.03,3.71,3.35,3.3,3.04,2.38,3.35,3.3,3.49,3.3,2.89,4.52,3.38,3.15,3.69,4.62,3.49,3.2,2.77,4.22,3.89,3.25,3.35,4.62,4.35,2.84,2.89,4.62,3.89,3.25,3.33,4.62,3.49,3.71,3.33,4.62,3.89,2.79,2.89,4.52,3.49,3.71,3.33,3.32,3.38,3.15,3.23,4.62,4.34,3.21,3.23,4.62,3.89,3.25,3.35,3.32,4.35,4.17,2.89
1,4.62,3.49,2.84,3.33,3.32,3.49,3.69,2.89,3.2,2.99,2.79,2.87,4.62,3.49,3.2,2.79,4.62,3.89,3.25,3.35,3.3,3.49,3.3,3.35,4.62,3.89,2.79,2.89,3.32,4.35,3.71,3.33,3.21,2.92,2.64,3.23,4.62,3.49,3.3,2.89,4.62,3.89,3.25,3.33,4.62,3.49,3.3,3.79,4.62,4.35,3.3,2.89,3.32,4.35,3.25,3.33,3.3,3.04,1.94,2.89,4.62,3.79,3.15,3.69,3.32,3.49,3.3,3.79,4.62,3.89,3.25,3.79,3.3,3.5,3.25,2.94,4.62,4.35,3.25,3.79
1,4.62,4.35,3.71,3.79,4.62,3.89,2.79,2.89,4.11,3.79,3.25,3.79,3.32,3.38,2.69,2.79,4.62,4.35,3.71,3.33,4.62,3.49,3.3,3.33,4.62,4.35,2.84,2.94,4.62,3.49,3.3,3.79,4.62,3.89,2.81,3.79,4.62,3.49,3.71,3.79,4.52,4.34,3.3,3.33,4.52,4.25,3.25,3.79,4.11,3.38,3.15,3.69,4.22,3.49,2.84,3.23,4.62,3.49,3.3,3.33,4.62,3.49,2.84,3.79,4.62,4.35,3.3,2.87,3.32,3.49,3.3,3.33,4.54,4.34,2.84,3.79,3.2,2.92,1.79,3.69
1,4.62,3.49,2.84,3.79,4.62,3.49,3.3,3.79,4.62,4.35,3.71,3.79,4.62,3.49,3.3,3.79,4.62,4.35,3.3,3.33,4.62,3.49,3.3,3.79,4.62,3.89,2.79,2.89,4.52,4.35,3.25,3.79,3.2,2.92,1.77,2.79,4.62,3.49,3.3,3.77,3.3,3.04,3.2,2.87,3.32,3.49,3.71,3.79,3.3,3.49,3.3,2.87,4.52,3.38,3.15,3.69,4.22,3.49,3.3,3.69,4.62,3.49,3.3,3.33,4.62,4.35,3.3,3.79,4.62,3.89,3.25,3.79,4.62,3.89,3.71,3.79,4.62,3.89,2.79,2.87
1,3.32,3.89,2.79,2.87,3.2,3.38,2.69,2.77,4.22,3.49,3.3,3.79,4.62,3.89,3.25,3.79,4.62,3.89,3.25,2.92,4.62,4.34,3.3,3.33,4.62,4.35,3.25,3.79,3.32,3.49,2.84,3.33,4.52,3.49,3.71,3.79,4.52,3.38,3.15,3.79,4.52,3.38,3.15,3.69,4.62,3.49,3.3,3.25,4.62,3.49,2.84,3.79,4.62,3.49,3.3,3.79,4.62,4.35,3.3,3.33,3.32,3.49,3.71,3.79,4.62,3.49,3.3,3.79,3.21,2.94,3.2,3.33,3.3,3.03,3.2,2.89,3.32,3.49,3.3,3.33
1,4.62,3.49,3.3,3.33,3.3,3.49,3.25,3.33,4.52,3.49,3.3,3.33,4.52,3.38,3.15,3.69,4.62,4.25,3.15,3.69,4.62,4.35,4.05,2.77,4.62,3.89,3.25,3.79,4.22,3.49,3.3,3.79,4.22,4.22,4.22,4.22,4.62,3.03,2.33,2.89,4.11,4.23,3.6,3.23,4.62,3.49,2.84,3.23,4.62,3.89,3.25,3.28,3.3,3.89,3.71,4.15,3.96,3.33,3.49,3.54,4.32,4.44,7.06,2.4,5.19,3.25,2.79,3.69,118.3,16.06,3.81,2.84,4.42,4.05,4.17,3.43,4.22,3.49,3.2,2.94
1,4.27,2.87,2.5,3.33,49,49,49,49,3.37,3.08,2.53,3.25,3.76,3.84,3.55,3.59,4.11,4.2,3.55,3.54,4.73,3.59,2.94,3.79,3.76,3.04,1.97,3.35,4.73,3.64,2.43,2.98,4.73,3.43,2.53,3.54,3.45,3.59,3.09,3.49,3.2,2.87,3.91,4.05,3.37,3.49,3.86,2.99,4.57,3.59,3.76,3.54,4.06,3.74,3.66,3.59,4.42,4.42,4.42,4.42,4.83,5.41,3.4,3.23,4.01,3.43,2.43,3.43,3.55,4.79,2.96,3.28,4.34,3.69,2.24,3.03,4.52,3.69,3.81,3.18
1,3.35,3.89,3.84,3.64,4.22,3.43,3.35,3.74,3.32,3.49,2.84,2.99,3.32,3.94,3.2,2.98,3.21,3.38,3.94,2.87,3.32,3.49,3.35,3.28,4.68,3.03,2.04,2.74,3.35,3.89,2.5,3.69,3.2,3.79,3.2,2.94,3.32,3.94,2.33,2.58,3.32,3.94,3.66,2.98,3.32,3.89,2.84,2.87,3.37,3.43,2.53,3.23,3.26,3.79,2.79,3.15,4.22,3.89,3.71,3.28,3.32,3.49,2.74,3.43,3.3,3.94,3.2,2.99,3.3,3.03,2.38,3.33,4.11,3.33,2.38,2.67,3.37,3.43,2.89,2.77
1,4.22,3.89,2.84,3.74,3.32,3.49,3.25,3.43,3.2,3.38,3.96,3.43,3.32,3.03,3.25,3.28,3.35,3.89,2.89,3.28,3.35,3.45,2.94,3.23,4.22,3.89,2.4,2.87,3.21,3.38,3.55,3.28,3.3,3.49,2.33,2.99,3.32,3.49,2.4,2.99,4.22,3.89,3.3,2.89,3.25,3.79,2.89,2.77,4.23,3.43,2.84,3.18,3.32,3.49,2.84,2.94,3.3,3.94,3.6,2.98,3.3,3.49,3.25,2.53,3.21,2.92,2.31,3.23,3.37,4.34,2.94,3.25,3.37,3.89,2.84,3.69,4.62,4.34,2.84,2.92
1,3.32,3.49,2.4,2.98,3.32,3.84,3.09,3.74,4.62,3.49,3.3,3.26,4.22,3.49,3.79,4.15,3.37,3.89,2.89,3.69,4.22,4.34,3.3,2.89,3.3,3.03,3.2,3.84,3.21,3.38,3.04,2.89,3.3,3.49,2.84,2.94,4.22,3.89,2.84,3.74,3.37,3.45,1.97,2.82,4.11,3.89,2.84,3.74,3.2,3.38,3.09,2.84,3.3,3.5,3.66,2.98,3.3,3.03,2.79,2.92,4.22,3.89,2.38,2.43,3.26,2.92,2.33,2.67,4.22,3.49,3.35,4.2,3.3,3.03,3.25,3.38,3.3,3.49,3.66,3.84
1,3.3,3.49,3.25,3.38,4.11,3.79,2.74,3.64,3.35,3.89,3.3,2.84,4.22,3.89,2.84,3.28,4.62,3.49,2.84,2.92,3.3,3.49,3.25,3.84,3.2,3.38,3.2,2.94,3.32,4.34,3.66,3.69,4.22,3.89,3.3,3.28,3.37,3.89,3.3,3.3,4.22,3.49,3.76,3.79,3.32,3.49,3.71,2.53,3.32,3.94,3.2,2.94,3.3,3.38,2.64,2.84,4.22,3.89,2.84,3.74,4.23,3.43,3.3,3.74,4.22,3.89,2.84,2.89,3.3,3.04,2.28,2.94,3.32,3.5,3.15,3.28,3.3,3.49,2.84,2.94
1,4.22,3.89,2.38,2.43,4.22,3.89,2.43,2.82,4.11,2.92,2.23,2.79,4.62,3.49,2.84,2.94,3.32,3.49,2.4,3.38,3.3,3.49,3.71,3.38,4.11,4.35,3.3,2.89,4.11,3.79,1.87,2.77,4.22,3.89,3.3,4.08,4.62,4.35,3.69,2.94,3.32,3.49,2.84,2.92,3.32,3.49,3.71,2.53,4.11,3.49,4.17,2.89,4.11,3.79,2.74,3.18,4.22,3.88,3.2,3.64,4.22,3.49,3.28,3.79,3.32,3.49,2.84,2.94,3.32,3.49,3.71,2.53,4.62,3.49,3.71,3.79,4.11,3.89,2.81,4.2
1,4.13,3.79,1.82,2.33,4.22,3.89,3.71,2.94,3.32,3.49,2.84,2.92,3.32,3.49,3.71,3.38,3.32,3.49,3.71,3.38,4.11,3.38,3.2,2.87,4.22,3.49,3.32,3.23,4.22,3.49,3.3,3.33,4.62,3.49,2.84,2.94,3.3,3.49,3.25,3.38,3.32,3.49,3.71,3.38,4.11,3.38,2.69,2.79,4.22,3.49,3.76,3.64,4.22,3.49,2.43,3.79,4.62,3.49,3.3,3.79,3.3,3.49,3.25,3.38,3.3,3.49,3.71,2.92,4.11,4.25,3.25,3.33,4.23,3.38,3.2,3.64,4.22,3.49,2.45,3.33
1,4.62,3.49,3.3,3.79,3.3,3.49,3.71,3.38,3.3,3.49,3.25,2.94,4.11,3.38,2.79,2.87,4.22,3.49,2.89,3.64,4.22,3.49,3.74,3.33,4.22,3.49,3.3,3.33,3.3,3.49,3.71,2.94,3.32,3.49,2.84,3.38,3.2,3.38,2.69,3.23,4.22,3.49,3.74,3.33,4.22,3.89,3.3,3.33,4.22,3.49,3.3,2.87,3.32,3.49,3.71,3.38,3.32,3.49,2.84,3.38,4.52,3.38,3.15,3.28,4.22,3.49,3.3,3.23,4.22,3.49,3.76,3.33,4.22,3.49,2.43,3.33,3.3,3.03,2.38,3.33
1,3.21,3.38,3.09,2.94,3.3,3.49,3.3,2.92,4.22,3.49,3.3,3.33,4.22,3.89,3.3,3.33,4.22,4.35,3.3,2.89,4.22,3.49,3.3,3.79,3.21,3.38,3.09,2.82,4.62,3.49,3.23,2.82,4.22,3.49,3.3,3.33,4.22,3.49,3.76,3.79,4.22,3.89,2.35,2.87,4.22,3.49,3.3,3.79,4.52,3.49,3.71,3.38,4.52,3.38,3.15,3.28,4.62,3.45,3.15,3.69,4.22,3.49,3.3,2.89,4.22,3.89,3.3,3.33,4.22,3.89,2.79,2.89,4.62,3.49,3.71,3.79,3.3,3.04,2.79,3.79
1,4.11,3.38,3.15,3.69,4.22,3.49,3.3,3.33,4.22,3.89,3.3,3.33,4.23,3.49,3.3,2.87,4.22,3.49,3.3,3.79,4.62,3.49,3.69,3.38,4.11,3.49,4.17,3.35,4.11,3.38,3.15,3.79,4.22,3.38,3.6,2.77,4.22,3.49,3.3,3.33,4.22,3.49,3.3,3.79,4.22,3.49,3.71,3.79,4.22,3.49,3.71,3.38,4.22,3.49,4.17,2.89,4.11,3.89,2.33,2.87,4.22,3.38,3.2,2.77,4.22,3.49,3.3,3.33,4.22,3.49,3.3,3.79,4.22,3.49,3.71,3.79,4.22,3.49,3.3,3.79
1,4.22,3.89,2.33,2.89,4.11,3.38,3.15,2.82,4.22,3.49,2.43,2.94,4.22,3.49,3.3,3.79,3.32,3.49,3.71,3.79,4.22,3.49,4.15,3.79,4.22,3.49,3.3,3.33,4.11,3.89,2.79,2.89,4.22,3.38,2.69,3.23,4.22,3.49,3.3,3.33,4.62,3.5,2.79,2.92,4.22,3.49,3.3,3.79,4.22,3.5,1.94,3.33,4.11,3.79,3.15,2.94,4.23,3.49,2.43,3.69,4.22,3.49,3.3,2.87,4.22,3.49,2.84,3.79,4.62,3.49,3.69,2.94,4.22,3.89,2.79,3.33,4.11,3.38,2.79,2.89
1,4.23,3.49,3.2,2.79,4.22,3.49,3.3,3.33,4.62,3.49,3.3,3.79,4.62,3.49,3.3,2.92,4.22,3.49,3.3,2.87,4.11,4.35,3.3,2.89,4.11,3.79,2.69,2.77,4.22,3.49,3.3,3.33,4.22,4.22,4.22,4.22,4.62,3.49,2.84,3.79,4.64,3.49,3.3,3.79,4.22,3.49,3.3,3.33,4.62,3.49,3.3,3.79,4.62,4.34,3.3,3.79,4.11,3.49,3.25,2.94,4.11,3.38,3.15,3.69,4.22,3.49,3.66,3.69,4.62,3.5,3.25,3.79,4.64,3.49,3.76,3.79,4.62,3.94,3.3,3.33
1,3.32,3.54,2.33,3.84,3.3,3.49,3.25,3.84,4.22,3.89,1.97,2.43,3.26,3.33,2.33,3.13,3.35,3.43,3.3,3.28,3.32,3.49,3.71,2.89,3.3,3.94,4.05,2.99,3.32,3.94,3.64,2.99,3.2,3.38,2.23,3.69,3.37,3.89,3.3,2.82,3.37,3.43,2.43,3.69,3.32,3.04,1.94,3.35,3.23,3.38,3.94,2.89,3.3,3.49,2.38,3.84,3.32,3.04,3.25,2.94,4.22,3.03,2.04,3.28,3.26,2.94,1.94,2.69,4.22,3.49,3.74,3.79,3.32,3.94,3.69,3.38,3.32,3.49,3.25,3.43
1,3.32,3.04,2.79,3.79,4.11,2.94,3.2,3.18,3.35,3.43,3.3,2.84,4.22,3.49,3.76,3.74,3.32,3.49,3.71,2.94,3.3,3.94,3.2,3.84,3.2,3.49,3.71,2.94,4.11,3.79,3.2,2.33,3.32,2.94,3.71,3.64,3.81,3.74,3.6,3.13,3.66,3.4,3.55,4,4.42,3.59,2.07,3.69,3.5,4.44,3.76,2.58,3.83,3.74,3.49,2.48,4.06,3.43,2.4,3.94,3.45,3.54,4.56,3.94,3.4,4.1,2.79,3.08,3.2,3.79,3.09,3.54,3.26,3.89,3.5,3.43,4.37,3.89,3.4,3.23
1,3.26,3.28,3.49,3.28,4.22,3.2,4.1,2.74,4.22,3.59,1.84,3.84,4.32,3.38,3.81,3.71,3.71,3.74,3.59,3.08,3.6,3.15,3.25,3.74,4.83,3.89,3.15,3.59,3.91,3.38,3.66,3.09,3.21,4.03,1.97,3.35,3.62,3.13,2.38,3.89,4.22,2.82,2.58,3.79,4.88,3.49,3.89,3.11,3.35,4.25,2.38,3.04,4.88,3.94,3.35,2.64,3.86,3.03,1.92,3.23,4.52,3.49,2.58,3.08,4.57,3.13,3.04,3.54,4.28,3.28,3.25,3.84,4.37,3.49,2.58,4.1,3.25,4.39,3.6,2.94
1,4.98,3.54,3.54,3.49,3.35,4.28,2.79,3.69,3.2,3.49,3.25,3.28,3.32,3.89,3.64,3.54,4.37,4.23,3.54,3.28,4.22,3.89,3.71,3.84,3.2,4,3.4,3.43,3.35,3.54,3.96,3.64,4.17,3.84,2.79,3.03,3.26,3.08,3.84,3.33,3.45,3.43,3.2,3.43,4.62,3.74,3.35,2.99,4.57,3.59,2.58,4,3.3,3.64,2.58,3.09,3.15,3.74,2.99,2.47,3.42,3.49,2.64,3.3,4.27,3.94,3.6,3.79,3.37,2.92,3.35,2.84,4.22,3.49,3.15,3.08,3.16,3.93,3.4,3.03
1,3.26,3.94,3.15,3.04,3.35,2.98,3.4,2.82,4.68,3.49,3.55,3.89,4.27,3.43,2.58,3.18,4.11,2.98,3.66,3.49,3.16,3.89,2.89,3.43,3.3,3.54,2.74,3.04,3.3,3.88,3.79,3.74,3.42,3.03,3.5,2.64,3.25,2.92,3.49,3.18,4.22,3.72,3.09,2.87,4.17,3.93,3.04,3.54,3.26,3.59,2.18,3.04,3.32,3.04,2.84,3.33,3.3,2.87,3.33,3.04,3.37,3.49,3.96,3.89,4.22,3.45,3.35,3.79,4.23,3.94,2.23,3.04,3.25,3.54,3.96,2.62,4.17,3.49,3.3,3.84
1,4.17,3.33,2.99,3.18,3.4,3.89,3.35,3.43,3.3,3.43,3.76,2.84,4.22,4.35,3.15,3.04,4.17,4,3.09,3.08,3.26,3.94,3.2,3.84,3.26,2.92,2.84,3.13,4.73,3.89,3.4,3.13,4.62,3.49,3.86,3.69,3.3,3.49,2.33,3.43,3.3,3.94,3.09,3.49,3.26,3.54,4.06,2.99,3.28,3.79,2.84,3.18,3.42,3.43,3.89,3.59,3.35,3.43,3.35,2.79,3.25,3.94,5.37,2.98,4.68,4.15,3.69,4.1,4.83,2.92,4.05,3.45,2089.93,3.23,3.76,3.28,12.53,3.84,3.84,3.28
1,3.2,3.03,2.79,2.84,3.45,3.74,3.5,3.79,3.66,3.89,2.43,3.79,3.3,3.43,4.2,3.69,4.27,3.49,3.81,2.53,3.91,4.25,2.6,3.59,4.08,3.79,3.4,3.03,3.21,3.54,3.45,3.62,4.57,3.49,3.94,3.4,4.27,3.54,3.55,3.59,4.68,2.99,3.15,2.58,4.17,2.92,3.09,3.04,3.42,3.43,3.09,2.94,4.42,3.43,3.15,4,3.26,3.13,2.74,3.13,3.35,3.49,2.84,3.18,3.45,3.08,3.91,3.84,4.11,3.64,2.74,3.16,3.35,3.03,2.89,3.89,4.62,3.54,2.89,3.03
1,3.26,3.59,2.69,3.59,3.21,3.43,2.48,3.84,4.22,3.33,2.89,2.43,3.98,3.03,3.5,3.18,3.2,3.79,3.76,2.92,4.22,3.94,3.15,3.49,4.22,4.49,3.35,4,3.15,3.89,2.48,3.38,3.35,3.33,2.94,2.99,3.5,3.49,3.94,3.08,4.22,3.38,3.3,3.74,3.25,3.49,2.74,3.94,3.32,3.54,3.04,3.59,3.16,4.28,3.04,2.84,3.35,3.94,2.64,3.18,3.4,3.84,3.55,2.62,4.27,3.84,2.48,3.28,3.35,3.94,4,3.04,4.42,3.84,2.99,2.99,3.25,3.49,2.74,3.03
1,3.37,3.54,3.79,3.69,4.27,3.43,3.09,3.03,4.68,3.38,3.45,3.23,3.26,2.92,3.15,2.98,4.18,3.91,2.64,2.92,4.11,4.4,3.59,3.55,4.17,3.49,3.79,3.74,3.4,3.94,2.58,3.5,3.4,3.43,3.04,2.74,3.21,2.87,3.6,3.28,3.32,3.54,3.09,3.94,4.17,3.13,3.15,3.04,3.26,3.88,2.43,3.79,3.37,3.49,3.91,4.05,4.22,3.89,2.58,3.09,3.37,3.83,3.25,2.77,4.17,3.03,3.6,3.94,4.17,3.13,2.69,3.5,3.25,3.49,3.71,3.38,4.22,3.43,2.55,3.18
1,4.17,3.77,2.89,3.45,4.27,3.43,3.25,3.2,3.32,3.94,2.33,3.45,3.26,3.54,3.15,3.94,4.59,3.54,2.79,3.45,3.35,3.49,2.89,2.79,4.27,3.03,2.89,2.69,3.37,3.43,3.86,3.23,3.35,3.03,3.15,3.84,4.17,3.54,4.01,3.03,3.16,3.54,3.2,2.99,4.52,3.84,2.33,3.15,3.4,3.89,2.48,3.15,3.35,2.98,2.89,3.69,4.22,3.89,4.11,3.4,3.3,3.54,3.15,2.58,3.26,3.54,2.33,2.58,4.17,3.49,3.35,3.79,4.27,3.49,3.86,3.2,3.4,3.04,3.45,3.2
1,4.23,3.43,3.25,2.43,3.32,3.83,2.64,2.48,3.3,3.54,2.74,3.04,4.17,3.08,2.84,3.79,3.35,3.43,2.48,3.64,3.3,2.92,2.84,3.08,3.37,3.43,3.74,2.89,3.3,3.49,2.74,2.99,4.17,3.54,3.6,3.43,3.32,3.94,3.2,3.84,4.11,3.79,2.38,3.13,4.27,3.43,3.4,3.54,3.37,3.43,4.22,3.74,4.22,3.49,2.33,3.84,4.17,3.94,4,2.99,4.17,4.4,3.2,3.84,4.22,3.49,3.3,3.28,4.17,3.79,3.38,3.64,3.37,3.37,3.25,3.2,4.22,3.49,2.38,2.94
1,3.32,3.54,2.79,3.43,4.59,3.94,3.2,3.45,3.3,3.49,3.74,2.89,4.57,3.33,1.92,3.54,4.27,3.43,3.35,2.82,4.22,3.88,4.15,2.48,3.3,3.94,3.2,2.98,4.17,4.4,3.6,2.99,4.06,3.49,3.71,2.94,3.26,2.92,2.43,3.13,4.27,3.43,3.79,2.79,3.37,3.03,1.97,3.33,3.32,3.49,3.25,3.45,3.2,4.3,3.04,3.33,3.32,3.93,3.67,2.84,4.22,3.49,3.35,3.23,3.35,3.03,2.53,3.25,3.37,3.89,2.79,3.33,3.21,3.79,3.49,3.64,3.5,3.18,2.99,3.64
1,4.22,3.94,3.25,3.79,4.22,3.49,3.3,3.33,4.22,3.49,3.76,3.79,4.22,3.04,2.38,2.89,4.54,3.47,3.25,2.92,4.22,3.38,2.69,3.69,4.22,3.03,3.69,3.79,4.22,3.49,2.43,3.33,4.22,3.04,2.45,3.33,4.22,3.49,3.3,3.79,4.11,2.92,2.23,2.77,4.62,3.49,3.3,3.69,4.22,3.49,2.84,3.79,4.22,3.03,3.69,2.94,4.22,3.49,3.76,3.33,4.22,3.49,3.3,3.79,4.11,3.04,2.4,2.89,4.22,3.49,3.2,2.84,4.22,3.94,3.3,3.33,4.22,3.49,3.3,3.33
1,3.6,2.99,2.28,3.79,5.64,2.69,3.3,4.05,4.06,3.23,2.84,2.84,3.42,4.15,3.04,3.59,3.2,6.99,3.62,2.81,3.96,3.38,3.5,2.89,4.11,3.89,2.28,2.79,4.32,2.69,3.25,3.54,4.11,3.69,3.2,3.13,4.18,3.38,3.13,2.87,4.06,4.1,2.53,3.2,3.37,3.03,2.94,4.51,4.47,3.84,3.86,2.98,4.73,3.18,2.69,4.45,3.76,3.38,4.42,3.79,3.96,3.94,2.94,3.69,3.35,3.33,2.33,2.99,4.62,4.05,2.74,3.33,3.25,3.74,3.15,2.87,3.2,3.88,2.74,3.18
1,3.04,3.43,3.2,4.1,3.71,2.89,4.61,3.69,3.2,3.94,2.89,3.08,3.4,3.23,3.04,3.03,4.57,3.49,2.5,3.43,3.21,3.28,3.15,2.28,4.13,3.43,2.84,3.23,3.5,3.94,3.04,3.94,3.4,3.49,3.96,3.03,3.15,3.49,4.11,3.43,3.25,3.89,3.2,3.2,3.42,3.94,2.33,3.71,4.57,3.89,2.48,3.69,4.23,3.79,2.69,4.1,3.86,3.54,2.94,3.18,3.76,4.05,2.64,3.18,3.11,3.38,2.58,3.28,4.62,3.89,3.15,3.69,3.5,3.09,2.84,3.89,3.3,4.28,3.09,3.23
1,4.11,2.92,3.81,3.38,3.81,3.54,3.94,3.28,3.32,3.94,2.48,3.38,4.03,2.92,3.3,3.09,3.45,3.49,2.04,2.99,3.91,4,3.38,3.09,3.16,3.69,2.28,3.38,3.35,3.89,3.6,3.15,4.68,4.1,3.94,3.35,4.11,3.49,3.6,2.53,4.17,3.84,3.2,3.64,3.4,3.43,3.91,3.89,3.42,3.49,3.2,3.04,3.32,3.03,2.58,3.54,4.57,3.93,3.25,3.03,3.3,3.13,3.4,2.69,4.22,3.49,3.91,3.54,4.22,3.84,3.15,3.59,4.11,3.79,3.25,3.89,3.42,3.43,2.79,3.54
1,4.22,3.49,3.6,3.03,3.2,3.04,3.55,3.69,4.22,3.54,3.5,3.89,4.73,3.49,1.62,3.49,4.52,4.23,2.84,3.54,4.11,3.33,2.79,3.23,4.32,3.59,3.91,3.33,3.25,3.94,3.09,3.59,3.21,3.43,2.33,3.49,3.4,3.08,3.4,3.94,3.35,3.79,3.03,2.92,4.17,4.22,4.17,3.28,3.35,3.54,3.91,3.59,3.35,4.05,3.89,3.5,4.11,4.35,3.3,3.38,4.17,3.45,3.55,3.59,3.45,3.45,2.23,2.99,4.17,2.94,3.6,2.38,3.32,3.03,3.45,3.69,3.3,3.94,3.89,3.54
1,3.32,3.54,2.84,3.69,3.32,3.49,2.74,3.08,4.11,3.33,3.04,3.43,3.42,3.03,2.84,3.38,4.27,3.94,2.48,3.64,4.17,3.49,3.5,3.59,4.17,3.94,3.4,3.25,3.3,3.09,2.69,3.43,3.35,3.49,2.53,3.89,4.22,3.84,2.38,3.89,4.68,3.49,4.25,3.69,3.37,3.54,3.45,3.13,3.26,3.04,2.58,4.1,3.15,3.38,3.2,2.94,3.35,3.54,2.19,3.49,4.68,3.88,2.69,3.49,4.62,3.38,3.3,3.33,3.35,3.54,3.45,3.59,3.32,4,2.94,3.13,3.15,3.38,1.94,3.74
1,3.32,3.03,3.6,3.49,3.4,3.49,3.09,2.98,3.35,2.98,3.74,2.92,3.2,2.92,2.48,3.08,3.32,3.15,3.86,3.64,3.3,3.94,2.79,3.28,4.17,3.49,2.33,3.03,3.35,3.89,3.59,3.04,3.3,3.79,3.15,3.28,3.37,3.89,2.48,4.1,4.17,3.08,2.99,3.64,3.32,4.39,2.43,3.69,3.32,3.94,3.6,2.98,4.11,3.89,2.74,3.38,3.66,2.89,2.79,3.94,3.96,3.54,4.91,3.71,4.27,3.84,3.45,3.94,4.47,3.43,4.3,2.79,4.52,11.37,4.27,3.08,4.57,3.28,3.25,3.89
1,4.32,4.35,2.18,3.33,4.57,3.03,5.37,3.69,3.72,3.79,2.74,3.94,3.5,3.69,2.43,3.18,3.21,4.05,4.2,3.59,3.98,3.18,3.86,11.78,3.37,3.38,3.4,3.38,4.73,4,3.76,3.94,3.37,2.99,2.3,2.99,4.47,4.4,3.15,3.23,4.32,3.33,2.74,3.18,5.44,4,3.55,3.04,4.17,3.74,2.79,3.45,4.93,4.2,3.04,3.43,3.21,3.28,2.43,2.87,3.25,3.23,2.84,3.33,4.42,3.43,3.74,2.84,3.5,3.74,3.5,3.54,4.22,3.49,3.55,2.64,4.57,3.28,3.2,3.28
1,4.11,3.49,2.94,4.15,4.62,3.49,1.92,3.38,3.35,3.49,3.5,2.94,4.11,4.34,3.5,3.43,4.57,3.09,3.2,3.25,3.5,3.54,3.5,2.94,3.6,3.28,3.35,3.74,3.26,3.84,3.81,3.13,3.45,3.54,3.4,3.54,3.42,4.1,4.06,3.18,4.03,3.79,3.15,2.99,3.42,3.04,3.04,3.38,4.32,3.88,2.28,2.87,3.21,2.92,2.3,3.23,3.26,2.99,3.35,3.84,4.37,3.25,3.6,3.64,4.59,4.39,2.99,3.08,3.91,3.69,3.15,3.18,3.5,3.49,3.35,3.33,3.45,3.54,2.99,2.58
1,3.26,2.98,2.43,3.94,3.3,3.43,3.15,2.64,4.17,3.54,3.5,2.72,3.3,3.43,2.69,3.03,4.17,4.23,2.64,3.18,4.32,3.49,2.24,3.43,4.17,3.09,2.28,3.43,3.32,3.77,2.94,3.08,4.17,3.49,2.84,2.53,3.35,3.54,2.89,3.23,4.22,3.03,3.74,4.05,4.57,3.43,4.01,3.13,3.21,3.33,3.6,3.33,3.4,4,3.3,3.2,3.37,3.94,3.04,3.04,3.21,3.43,3.96,3.23,3.37,3.09,3.35,3.09,3.35,3.84,1.58,3.43,4.17,3.84,2.84,3.89,3.32,3.94,2.43,2.89
1,3.4,3.59,3.81,3.03,4.17,3.49,3.5,2.62,4.37,3.69,3.55,3.09,5.29,4.1,4.86,3.38,4.22,3.33,3.09,3.74,4.37,3.49,2.69,3.74,10.97,18.28,3.96,2.33,3.66,3.74,3.86,3.28,4.57,3.94,2.94,3.79,3.81,3.08,4.2,3.33,4.27,4.56,3.15,3.25,4.32,3.13,3.45,3.43,3.5,4.2,4.25,3.64,4.83,4.54,3.55,4.42,3.96,4.18,2.99,3.45,3.4,3.54,2.64,3.94,3.42,3.13,2.99,3.43,4.42,4.05,3.6,3.94,3.5,3.64,3.09,2.23,4.42,3.59,2.79,3.54
1,3.52,2.82,3.6,2.53,4.01,4.66,2.84,3.89,4.06,3.28,2.69,4.64,3.26,2.94,2.43,4.05,3.6,2.94,2.89,3.64,3.06,3.98,3.2,2.79,3.4,3.49,3.4,3.13,3.5,3.33,2.99,3.38,3.96,3.54,2.79,3.69,4.27,3.94,2.99,3.13,4.11,3.08,3.2,3.4,4.27,3.79,3.5,2.67,4.52,3.04,2.58,4.1,4.32,4.35,3.25,3.04,4.68,4.05,3.3,4.2,4.52,3.33,3.5,2.89,3.45,4.4,3.84,3.13,3.42,3.18,2.84,3.38,3.2,3.33,3.25,3.32,4.11,3.84,3.55,3.08
1,3.52,3.69,3.5,3.13,4.11,2.98,3.15,4.15,3.26,3.74,2.58,2.94,4.32,3.15,3.09,2.98,3.37,3.49,4.01,2.94,4.01,3.69,3.3,4.13,3.42,3.18,2.28,3.18,4.73,3.59,2.58,2.64,3.96,2.82,3.25,2.92,4.32,3.43,2.69,2.57,3.42,4.03,3.66,3.54,4.17,3.84,2.84,3.94,4.17,3.84,2.84,3.79,4.62,3.59,2.5,3.94,3.2,3.38,2.23,3.64,3.76,3.69,2.58,3.54,4.42,5.05,3.55,3.96,5.19,3.59,5.12,2.74,10.05,4.13,2.64,4,4.06,3.54,2.35,3.38
1,5.29,3.59,3.86,2.69,4.06,4.49,10.25,3.84,4.11,4.49,3.5,3.59,3.91,3.23,4.57,3.55,3.81,3.18,3.15,2.99,4.93,4.1,3.3,4.2,3.42,3.49,3.25,3.64,3.71,3.94,2.48,3.84,4.62,2.98,3.59,4.15,3.35,4.08,3.45,3.43,4.42,3.03,3.13,3.43,4.27,3.94,2.89,3.33,4.37,3.49,3.5,3.09,3.45,4.13,3.35,3.64,3.42,3.49,3.79,3.25,3.55,3.49,3.3,3.15,3.09,3.28,3.5,3.74,3.21,3.94,4.3,2.99,4.06,4.44,4.01,2.28,4.52,3.89,2.53,3.43
1,3.15,2.89,3.89,3.3,4.68,3.89,3.09,3.59,3.35,4,2.74,3.04,3.16,3.79,3.71,2.74,4.57,3.43,2.89,3.43,4.47,3.13,2.28,3.04,4.06,3.09,3.4,2.43,3.96,3.18,2.19,4.1,3,3,3,3,3.25,3.89,3.3,3.03,3.35,3.79,2.89,3.28,3.35,3.54,2.48,4,3.26,3.43,3.4,3.74,4.27,3.83,3.25,3.84,3.35,3.54,3.5,3.84,3.25,3.49,3.25,2.58,4.11,3.69,2.79,3.74,3.4,4.39,2.94,3.15,4.06,2.98,3.71,3.74,4.42,4.08,3.89,3.25
1,4.17,3.33,4.35,3.89,4.32,4.32,4.32,4.32,3.96,3.08,9.89,3.5,3.4,4.34,3.3,4.3,4.06,3.33,3.04,2.84,3.88,4.74,3.6,2.99,3.86,3.84,4.4,2.94,3.35,2.99,3.15,4.1,4.08,3.43,4.25,3.28,4.37,3.25,3.5,3.74,4.47,4.2,3.09,2.94,4.11,3.69,2.43,3.28,3.57,3.3,3.2,3.33,4.88,3.74,3.6,3.66,4.98,4.98,4.98,4.98,4.32,3.49,4.01,3.08,3.32,3.43,3.45,3.59,3.37,3.04,3.55,3.89,3.3,3.54,2.99,4.05,3.09,3.43,3.04,2.92
1,4.22,3.49,3.3,3.33,4.22,3.89,2.84,3.79,4.22,3.03,1.92,3.33,4.11,3.5,1.94,3.33,4.22,3.38,2.74,3.69,4.22,3.49,3.76,3.79,4.22,3.5,2.79,2.94,4.22,3.03,2.79,3.33,4.22,3.04,2.84,2.89,4.11,3.38,2.74,3.25,4.22,4.35,4.05,3.23,4.22,3.49,3.3,3.33,4.22,3.49,3.3,2.89,4.22,3.49,3.3,2.89,4.22,3.49,3.3,3.35,4.11,3.49,4.15,3.79,4.11,3.38,3.13,3.32,4.23,3.03,3.25,2.82,3.3,3.49,2.89,2.87,3.16,3.33,3.45,3.84
1,4.78,5.92,2.94,3.86,3.88,2.92,3.79,3.38,5.19,7.58,3.11,3.06,4.11,3.23,3.55,3.84,4.93,3.98,4.25,2.58,4.17,3.49,3.35,3.04,3.81,3.49,2.94,3.89,3.81,4,2.84,3.59,3.32,3.04,3.59,3.69,4.52,3.43,4.66,3.04,3.81,2.98,4.4,3.13,4.47,4.18,2.6,3.84,3.52,3.59,3.09,3.13,4.01,2.92,5.22,3.69,3.35,3.84,3.15,2.58,4.68,4.1,2.99,3.5,4.22,3.43,3.45,2.58,4.42,2.92,2.69,3.4,4.62,3.43,3.43,3.08,4.27,3.09,2.89,3.69
1,4.47,4.2,3.6,4.05,4.32,4.05,3.04,3.15,4.27,3.55,2.55,2.53,4.17,3.84,2.99,2.38,3.25,3.28,3.89,3.59,4.32,3.54,2.84,3.5,4.22,3.54,3.59,2.94,4.57,3.88,3.25,3.49,3.3,3.89,3.15,3.54,3.4,3.54,3.66,3.28,4.06,3.33,2.18,2.89,3.32,4.3,2.18,3.18,4.27,3.94,2.33,2.69,4.22,4,4.76,3.84,4.17,3.43,2.69,3.49,3.32,3.5,3.04,2.94,3.77,3.79,3.45,3.64,4.27,3.54,1.97,3.64,4.17,3.84,2.84,2.74,4.22,3.49,1.97,3.59
1,3.45,3.64,3.54,3.84,3.15,4.18,2.99,2.72,3.25,3.84,2.38,3.89,3.47,3.59,3.35,3.49,3.3,3.04,3.38,3.49,3.25,3.84,2.07,3.84,3.3,3.89,3.89,2.48,3.37,3.08,2.84,3.49,4.17,2.98,3.71,3.49,4.22,3.89,2.69,3.49,4.27,3.94,3.5,3.04,3.25,3.38,1.99,2.87,4.17,3.89,3.57,3.03,3.35,4,3.04,3.54,3.35,3.49,2.4,3.33,3.3,3.43,3.15,3.08,4.11,3.33,2.58,2.94,4.27,3.94,3.2,2.98,3.35,3.94,3.4,3.13,3.3,3.04,4.01,3.59
1,3.32,3.49,2.89,3.35,3.25,3.38,3.28,3.79,3.35,3.49,2.58,3.54,3.3,2.99,3.3,2.98,3.37,3.49,2.43,3.69,3.26,3.54,3.91,3.94,3.16,2.92,3.33,3.18,4.62,3.04,3.6,3.03,3.35,3.94,3.04,3.4,4.32,3.28,3.09,2.84,4.52,5.66,3.55,3.04,5.42,3.23,3.35,2.98,21.76,15.22,3.3,3.74,3.6,3.64,3.59,2.69,8.94,4.15,3.33,3.49,4.57,2.99,3.96,3.45,3.81,3.38,3.74,2.98,3.76,3.38,4.22,3.23,4.27,4.15,3.89,3.43,3.76,3.28,3.71,2.99
1,3.15,3.59,2.28,3.38,4.27,4.1,2.33,3.04,3.5,3.49,3.09,3.35,3.55,3.69,3.5,3.84,4.27,3.59,3.59,3.59,3.66,4.51,3.3,3.09,3.25,4.08,3.25,3.23,4.52,3.38,3.25,3.08,3.45,3.23,2.48,4.15,4.62,3.84,3.3,3.08,3.2,3.89,3.71,3.69,3.37,3.2,2.79,3.18,3.35,4.23,2.7,2.98,3.37,3.79,3.09,3.18,4.57,3.08,3.55,3.74,4.22,3.45,2.09,3.49,3.35,3.13,3.5,3.04,4.57,3.74,2.43,3.23,4.47,3.43,2.43,3.33,3.52,3.54,2.48,2.98
1,4.68,3.49,2.99,3.55,3.21,3.38,3.2,4.1,3.37,3.38,2.79,2.77,3.4,4.05,3.89,3.49,3.2,3.38,3.55,3.33,3.3,2.99,3.6,3.54,3.42,3.54,3.25,3.33,3.37,3.04,3.09,3.94,4.52,3.33,2.94,2.98,3.47,3.59,3.94,3.33,3.4,3.59,2.64,3.84,4.06,3.79,2.79,3.15,3.26,3.77,3.76,2.99,4.22,2.57,3.3,3.03,4.42,2.98,10.44,3.23,4.01,2.94,3.71,2.69,16.34,4.79,4.52,2.96,4.68,3.59,2.38,2.69,4.52,3.43,3.09,3.23,4.98,2.84,4.4,3.94
1,3.35,3.49,4.2,4.37,3.71,3.38,2.74,2.62,3.11,3.54,3.3,3.33,4.08,3.94,3.04,3.38,4.22,4.15,3.09,2.94,4.62,4.35,2.99,3.94,3.3,3.59,2.28,3.54,3.15,2.87,2.23,4.15,4.73,3.18,3.69,3.23,4.37,3.89,3.25,3.35,3.66,3.43,4.45,2.99,3.42,4.25,3.25,3.43,4.22,3.93,2.79,3.09,4.08,3.54,3.4,3.23,4.98,3.74,3.09,3.89,4.37,3.25,2.28,3.23,4.22,3.03,3.4,2.43,4.62,3.74,2.89,3.03,4.17,3.43,2.53,3.13,4.22,3.54,2.64,3.79
1,4.17,3.49,3.25,2.87,3.47,3.54,4.25,2.89,3.25,2.94,3.15,3.09,4.17,3.33,2.04,3.49,3.4,3.54,3.04,3.15,3.2,2.98,3.15,3.43,3.35,3.49,2.38,3.04,3.3,3.54,2.28,2.94,3.3,2.99,3.15,3.43,4.17,3.45,3.3,3.13,4.73,3.49,2.38,3.49,4.57,3.54,2.3,3.08,3.15,3.33,2.48,3.38,3.4,3.94,3.83,2.98,3.42,4,3.2,3.38,4.17,3.38,3.45,2.92,4.17,4.3,3.74,3.23,3.45,3.59,2.19,3.49,3.09,2.92,3.59,3.28,3.32,3.49,2.94,3.69
1,4.32,3.49,2.74,2.98,3.32,3.49,3.35,3.69,4.17,3.38,3.96,3.18,4.17,3.94,2.53,2.64,3.26,3.54,2.33,3.43,3.3,3.49,3.43,4.13,4.27,3.43,3.55,3.49,3.96,3.79,2.23,4.08,5.59,3.79,5.85,3.6,3.91,3.3,4.66,3.18,4.88,3.64,3.09,3.23,4.01,4.34,3.76,3.09,3.35,3.54,3.81,3.33,4.52,3.79,7.92,3.3,3.25,3.28,3.11,3.38,4.32,3.54,2.69,3.09,4.42,4.56,3.25,3.2,4.22,4.05,3.3,3.33,3.11,3.49,3.25,3.33,3.3,2.77,2.69,2.82
1,3.11,3.59,2.94,3.38,3.37,3.89,1.97,4.15,4.88,3.69,4.05,3.69,3.55,3.64,3.96,2.48,5.39,3.64,3.09,2.74,4.42,3.08,2.18,3.23,5.08,3.13,3.54,2.99,3.81,3.59,1.67,3.74,3.32,3.69,3.49,3.74,4.37,3.54,2.69,3.49,3.86,3.49,2.94,2.87,3.15,3.43,3.94,3.49,3.76,3.84,3.09,3.79,3.45,3.08,2.58,3.64,3.26,3.54,3.15,3.09,3.3,2.92,4.06,2.48,4.68,3.38,2.38,3.33,4.22,4,2.99,2.82,3.25,3.49,3.94,3.49,3.76,3.38,2.79,3.69
1,3.3,2.92,2.64,2.72,3.3,3.55,3.86,2.64,3.4,3.89,2.74,3.59,4.22,3.49,4,2.94,3.26,3.43,3.55,3.43,4.98,4.34,2.79,3.59,3.71,3.74,3.09,3.18,3.25,3.43,3.81,2.82,3.45,3.18,3.59,2.74,4.17,3.79,2.69,3.49,5.24,4.13,3.96,3.3,4.83,4.28,2.94,3.69,3.81,3.08,3.86,3.08,3.96,4.08,2.58,3.43,3.57,3.28,3.6,3.18,5.75,4.34,3.38,3.59,3.91,3.54,3.15,3.28,3.96,4.9,2.64,3.54,3.91,2.94,2.53,3.08,3.3,2.87,3.5,3.59
1,4.42,3.64,3.25,3.89,3.2,3.35,3.25,3.59,4.11,3.03,1.84,3.64,3.42,3.64,2.69,4.18,3.16,3.23,3.23,3.79,4.22,3.79,2.94,3.23,3.67,4.13,4.2,3.18,3.21,3.74,3.86,2.84,3.71,3.38,2.89,3.33,4.68,3.2,3.55,4.23,4.01,3.49,3.2,4.23,3.21,3.74,3.4,2.79,3.6,3.94,2.6,3.08,4.17,3.08,2.64,4.35,4.06,2.99,3.6,4,3.4,3.84,2.79,4.25,3.21,3.54,3.09,3.38,3.26,4,3.09,3.33,4.27,4.49,3.15,3.49,3.5,3.23,2.69,2.62
1,3.21,3.94,3.4,2.79,4.01,2.82,2.48,3.54,3.91,3.49,1.87,3.33,4.11,3.54,2.84,3.33,4.62,3.43,2.64,3.33,4.42,3.38,3.15,3.18,3.16,3.38,3.28,3.74,4.37,3.89,3.3,3.33,4.37,4.35,4.1,3.23,3.26,4.28,2.74,3.54,4.52,3.94,3.5,3.28,4.78,3.08,3.79,2.89,4.01,3.69,2.69,3.43,3.71,3.94,4.01,3.79,6.05,16.27,3.54,3.38,4.08,2.89,2.79,3.69,4.78,5.3,3.5,2.89,5.59,3.35,4.76,2.87,6.51,3.89,3.2,3.04,3.09,3.23,3.09,4.2
1,3.96,3.79,3.15,3.49,4.52,3.43,2.58,3.38,4.27,2.98,2.64,2.92,4.93,4.18,3.2,3.28,4.73,3.08,2.48,3.33,4.62,3.13,2.94,2.98,3.15,3.79,3.43,3.74,4.37,3.94,2.18,3.69,3.25,3.08,2.69,2.77,3.86,4.45,3.66,2.43,3.16,3.49,2.07,3.28,4.57,3.23,2.99,3.13,3.86,3.28,3.84,3.54,3.52,3.74,3.86,3.74,4.42,3.13,3.25,3.33,3.96,4.3,3.04,2.53,3.3,3.33,2.43,3.74,3.5,3.54,3.09,3.59,3.96,3.54,2.69,2.28,4.52,3.79,2.79,2.84
1,3.96,3.84,3.86,3.69,3.42,3.59,3.66,3.89,4.47,3.49,1.99,3.49,3.42,3.23,3.4,4.56,3.3,3.94,2.94,2.98,3.21,4.1,2.64,3.54,3.35,4.15,3.55,3.59,3.47,3.43,2.94,2.82,3.25,3.23,2.69,3.33,3.15,2.89,3.4,3.04,3.4,3.33,3.2,3.64,4.17,3.23,2.79,3.69,3.35,4.4,3.45,2.58,3.4,3.74,3.09,3.69,3.3,3.84,4,2.92,3.26,3.64,2.09,3.84,3.4,2.98,4.01,3.54,3.32,3.4,2.38,3.04,4.47,3.94,3.43,3.04,3.45,3.04,3.35,2.99
1,3.32,4.18,2.89,2.92,4.11,3.59,2.33,3.08,3.35,3.59,3.09,3.89,4.13,2.82,2.28,3.79,4.17,3.94,3.38,3.13,4.27,3.54,3.5,3.98,3.4,2.99,3.81,3.23,3.26,4.35,3.25,3.54,3.25,4,2.23,3.54,3.25,3.84,3.09,3.69,3.35,3.43,2.48,2.82,3.32,3.94,3.5,3.64,3.4,3.03,2.99,3.69,3.33,3.49,3.66,2.53,3.21,3.43,2.64,3.38,5.24,3.79,4.15,3.59,4.11,3.79,4.56,3.43,5.19,3.64,2.69,3.84,5.29,4.64,4.25,3.25,4.22,4.1,2.99,3.69
1,3.62,3.62,3.62,3.62,3.89,4.34,3.54,3.08,4.83,2.82,3.2,3.79,3.5,3.59,3.25,3.23,4.68,3.28,4.11,2.92,3.26,4.59,3.2,3.64,4.73,3.33,1.79,2.89,3.83,3.49,2.53,3.79,3.5,3.59,2.58,3.43,4.78,3.89,2.69,2.82,4.78,3.49,3.45,3.13,6.44,3.28,2.79,3.74,3.96,4.08,3.04,3.13,4.42,4.42,4.42,4.42,3.26,4,2.23,3.49,4.17,3.54,2.79,3.84,4.17,2.98,2.99,3.59,3.32,4.1,3.81,3.89,5.49,3.64,3.86,2.62,3.3,3.28,4.91,2.98
1,4.62,3.08,3.3,3.79,4.62,3.49,3.3,3.33,3.32,3.49,3.3,3.79,4.62,3.49,3.3,3.35,4.52,3.49,3.3,3.79,4.52,3.38,3.15,3.79,4.56,3.38,2.74,3.23,3.32,3.49,3.76,3.79,3.3,3.49,2.89,3.33,4.62,3.49,3.3,3.79,4.64,3.49,3.3,3.79,4.22,3.49,3.76,3.79,4.52,3.38,3.25,3.33,4.22,3.38,2.74,3.69,4.62,3.49,4.17,3.69,4.22,3.49,3.74,2.94,4.64,3.49,3.3,3.35,4.62,3.49,3.3,2.89,4.22,3.49,3.3,3.33,4.62,3.49,3.3,3.79
1,4.52,3.38,3.25,3.33,4.52,3.38,3.15,3.69,3.32,3.94,3.25,2.87,4.62,3.49,3.3,3.33,4.62,3.49,3.3,2.89,4.62,3.49,3.3,3.79,4.22,3.49,3.28,3.79,4.52,3.49,3.3,3.33,4.52,3.38,2.69,2.79,4.22,3.49,3.3,2.87,4.22,3.49,3.76,3.79,4.22,3.49,3.3,3.35,4.22,3.49,3.3,3.33,4.23,3.49,3.76,3.35,4.52,3.49,3.3,3.79,4.11,3.38,3.6,2.87,4.62,3.49,3.2,3.23,4.62,3.49,3.3,3.35,4.62,3.49,2.84,3.33,4.22,3.49,3.74,3.33
1,4.22,3.49,3.74,3.79,4.22,3.49,3.3,3.79,4.11,3.49,3.28,2.94,4.11,3.38,3.15,3.69,4.22,3.49,3.3,3.33,3.32,3.49,3.3,2.89,4.62,3.49,3.3,2.89,4.22,3.49,4.15,3.79,4.62,3.49,3.3,2.89,4.11,3.38,3.15,3.79,4.22,3.38,2.74,3.23,4.62,3.49,2.84,2.87,4.22,3.49,3.74,3.79,4.22,3.49,3.74,3.33,4.23,3.49,3.3,3.33,4.22,3.49,3.3,3.35,4.52,3.38,2.69,2.79,4.22,3.49,3.3,2.89,4.62,3.49,3.3,2.87,4.22,3.49,3.3,2.89
1,4.62,3.49,3.3,3.79,4.22,3.49,3.3,2.89,4.11,3.38,1.79,3.23,4.22,3.49,3.3,2.89,4.22,3.49,3.3,3.33,4.22,3.49,3.3,2.92,4.22,3.49,3.76,3.33,4.22,3.49,3.76,3.79,4.11,3.4,2.84,3.35,4.62,3.38,2.74,3.69,4.22,3.49,3.3,2.89,4.22,3.49,3.3,3.33,4.62,3.49,3.3,3.33,4.22,3.49,3.76,3.79,4.22,3.5,1.92,3.33,4.11,3.38,3.18,3.23,4.22,3.49,4.06,3.69,4.22,3.49,3.74,2.94,4.22,3.49,3.3,2.87,4.23,3.49,3.74,3.79
1,4.22,3.49,3.3,3.79,3.32,3.49,3.3,3.79,4.52,3.38,3.2,2.84,4.23,3.49,3.3,3.23,4.22,3.49,3.28,3.33,4.22,3.49,3.3,2.87,4.64,3.49,3.76,3.79,3.32,3.49,3.3,3.79,4.11,3.49,3.76,3.79,3.2,3.38,3.15,2.82,4.62,3.49,4.06,3.23,4.22,3.49,3.3,3.33,4.22,3.49,3.3,2.89,4.22,3.49,3.3,3.33,4.22,3.49,3.76,2.94,4.11,3.47,3.25,3.79,4.11,3.38,3.15,3.28,4.62,3.49,3.3,3.23,4.22,3.49,3.74,2.92,4.22,3.49,3.76,3.79
1,3.32,3.89,3.25,2.89,4.62,3.89,4.17,2.89,3.32,3.89,2.84,3.74,3.32,3.89,2.38,3.74,3.21,3.79,3.15,3.23,3.32,3.89,2.81,2.89,3.32,3.49,3.76,2.89,4.62,3.89,2.79,3.74,3.3,4.35,3.25,2.89,4.11,3.89,1.92,3.74,3.32,3.38,2.38,2.89,3.32,4.35,3.76,2.89,3.32,3.89,3.3,2.89,3.3,3.89,2.38,2.89,3.21,2.94,2.24,2.79,3.32,3.89,2.79,3.76,3.32,3.89,3.3,2.89,3.3,3.04,2.45,3.76,4.52,3.89,2.81,4.2,4.11,3.79,2.69,3.64
1,3.3,3.04,2.79,3.74,3.32,3.89,3.25,2.89,3.3,3.04,2.43,3.74,3.2,3.04,2.89,2.89,3.32,4.35,3.2,2.79,3.32,3.49,3.76,4.2,3.32,3.49,3.76,4.2,3.32,3.89,2.38,2.89,3.32,3.89,2.4,2.43,3.32,3.5,2.79,2.89,3.3,3.04,2.33,3.74,3.76,3.89,2.33,2.87,4.52,3.89,2.86,3.3,3.21,3.79,2.24,3.64,3.32,4.35,3.3,2.89,3.3,3.04,2.33,2.89,3.3,3.04,1.99,2.89,3.32,4.23,2.74,2.79,3.32,4.35,3.3,2.89,3.32,3.89,3.3,2.89
1,3.32,3.89,2.86,3.3,3.21,2.94,2.33,3.64,3.32,4.35,3.2,3.23,3.32,3.89,3.25,2.89,4.62,3.89,3.25,2.89,3.3,3.04,2.43,3.76,3.2,2.92,2.33,3.64,3.32,3.89,3.25,2.82,3.32,4.35,3.76,3.74,3.32,3.89,2.79,2.89,3.32,3.89,2.84,3.3,3.2,3.03,2.43,2.77,4.62,3.89,3.6,2.79,3.32,3.49,3.76,4.2,3.32,3.89,2.81,2.89,3.77,3.03,1.99,2.89,4.11,3.79,2.79,2.43,3.3,3.04,2.35,3.74,4.64,3.49,3.76,3.33,4.22,3.89,3.3,2.89
1,4.62,3.89,2.4,2.89,4.11,3.89,2.84,3.76,3.21,3.79,2.69,2.79,4.62,4.34,3.66,3.23,3.32,3.89,3.71,2.89,4.22,3.49,3.76,3.74,4.23,3.89,1.94,2.87,3.32,3.89,2.84,3.28,3.2,2.94,2.3,2.79,3.32,4.35,3.76,2.89,3.3,3.04,1.97,2.89,3.32,3.89,2.84,2.84,4.11,3.79,3.2,3.18,4.22,3.91,3.3,2.89,4.22,3.89,3.71,2.89,3.3,3.04,2.43,2.89,3.3,3.04,2.43,2.89,3.32,3.89,2.79,3.64,4.22,3.89,3.3,2.89,4.62,3.89,3.3,2.89
1,3.32,3.89,2.84,3.74,3.3,3.03,1.97,2.87,4.52,3.79,2.74,3.64,4.22,3.89,3.3,2.87,4.22,3.89,3.25,2.89,4.22,3.89,3.3,2.89,3.32,3.89,2.38,3.74,4.11,3.89,2.38,3.76,4.11,3.79,2.69,3.64,4.62,3.89,3.2,2.79,4.22,3.89,2.84,2.89,4.22,3.89,3.3,2.89,4.22,3.89,2.84,3.3,4.22,3.89,2.79,3.76,4.11,3.79,2.4,3.25,4.22,3.89,3.2,2.79,3.32,3.89,3.25,2.89,3.3,3.04,2.89,2.89,3.32,3.89,2.4,2.43,4.23,3.79,2.74,3.64
1,4.22,3.89,3.3,2.89,4.22,3.89,3.3,2.89,3.3,3.89,1.97,2.89,4.11,3.89,2.84,2.84,4.11,3.79,2.74,3.64,3.32,3.89,3.71,2.87,3.32,3.89,3.25,2.87,4.62,3.89,3.3,3.3,4.22,3.89,2.79,3.74,4.62,3.91,3.25,3.74,3.21,3.79,1.94,3.23,4.62,3.91,3.15,2.79,3.32,4.34,3.76,3.33,4.22,3.89,3.3,2.89,4.22,3.89,2.38,2.43,4.23,3.89,2.38,2.87,3.21,3.79,2.74,2.74,4.22,3.89,3.25,2.87,4.22,3.89,3.25,2.89,3.32,3.89,3.3,2.89
1,4.62,3.89,2.84,3.74,3.21,2.92,2.24,2.79,4.62,3.89,2.81,3.33,4.62,3.89,3.25,2.87,4.62,3.89,3.71,2.89,4.62,3.89,3.3,4.2,3.32,3.89,2.84,3.74,3.32,3.89,2.84,3.74,3.2,2.92,1.94,3.64,4.62,3.89,3.3,2.89,4.22,3.89,3.3,2.89,3.32,3.89,2.84,3.3,3.32,3.89,2.84,3.74,3.67,2.92,2.23,2.79,4.62,3.49,3.76,3.71,4.62,3.89,3.25,2.89,4.22,3.89,3.3,2.89,4.64,3.89,3.3,2.87,3.32,3.89,2.84,3.74,3.21,2.92,2.69,2.79
1,4.23,3.49,3.76,3.64,3.32,3.89,2.79,3.74,3.32,3.89,2.84,3.74,3.32,3.89,3.71,3.33,3.25,3.89,1.87,2.48,3.3,3.04,3.2,2.89,3.76,3.89,3.25,3.35,4.22,3.89,2.38,3.74,3.77,3.03,1.99,2.43,3.3,3.04,3.25,3.33,4.22,3.89,3.25,3.33,4.62,3.89,3.71,2.89,4.62,3.89,3.3,2.89,4.22,3.89,3.3,2.84,4.57,3.89,2.84,3.74,3.21,2.94,1.84,2.79,3.32,3.89,3.25,2.89,4.22,3.89,3.3,3.33,3.32,3.89,2.84,3.3,4.11,3.89,3.3,2.84
1,4.11,3.79,3.2,3.2,4.62,3.84,2.74,2.79,4.62,3.91,3.25,2.89,4.22,3.89,3.25,2.89,4.23,3.89,2.4,3.35,4.23,3.89,2.84,2.84,4.11,3.79,2.28,3.64,3.32,4.35,3.2,2.79,3.3,3.04,3.25,3.35,4.22,3.91,3.3,3.76,4.62,3.89,2.4,2.43,4.11,3.89,2.84,3.28,4.11,3.79,1.84,3.64,3.32,3.89,2.79,2.89,4.22,3.89,3.25,3.35,4.22,3.89,1.94,2.43,3.66,3.89,2.38,2.84,4.22,3.79,2.28,3.64,3.32,3.89,3.25,2.89,3.32,3.49,3.3,2.87
1,3.32,3.89,2.86,3.33,3.21,3.79,2.79,3.74,4.52,3.79,3.6,3.64,4.22,3.89,2.84,2.82,3.32,3.89,3.25,2.89,4.62,3.89,3.3,2.89,4.62,3.89,2.86,3.3,4.22,3.89,2.35,3.74,4.52,3.79,2.84,3.74,4.52,3.79,2.69,3.64,4.22,3.49,2.89,3.28,3.32,3.89,2.79,3.74,4.22,3.89,2.79,2.89,4.62,3.89,2.84,3.74,4.52,3.89,2.79,3.76,4.11,3.79,2.74,2.74,3.32,3.89,2.81,3.33,4.22,3.89,3.3,2.87,3.32,3.89,2.84,3.76,3.32,3.89,2.84,3.74
1,3.21,2.94,2.31,3.64,4.22,3.49,2.89,3.18,4.62,3.49,3.76,3.76,3.32,3.49,3.35,3.35,3.32,3.49,3.3,3.35,4.23,3.89,2.81,3.79,4.52,3.89,2.84,3.74,4.52,3.79,2.84,3.28,3.329,3.329,3.329,3.329,3.21,4.25,2.84,3.35,3.32,3.03,3.15,3.64,3.32,3.04,2.75,3.35,3.32,3.89,2.84,3.33,3.32,3.49,3.71,2.89,3.2,3.38,2.69,2.79,3.32,3.49,3.3,3.3,4.17,3.43,3.71,3.79,6.1,3.03,3.2,4.2,5.13,5.46,3.55,3.6,5.03,4.81,3.3,3.71
1,5.24,24.87,2.86,2.91,3.8,3.8,3.8,3.8,3.88,3.94,3.91,3.79,3.83,4.05,4.3,3.3,3.76,2.99,6.09,3.04,4.13,3.43,3.25,2.07,4.74,3.94,3.54,4.3,4.01,2.87,3.45,2.79,4.13,3.69,3.45,2.89,4.08,3.38,3.2,3.45,4.74,3.69,4.22,3.25,3.66,3.74,3.91,3.38,3.4,4.56,3.45,3.54,3.4,3.08,2.94,2.69,3.42,3.42,3.42,3.42,4.57,4.25,3.25,3.5,3.35,3.49,2.86,3.3,3.35,3.94,4.3,2.99,3.15,2.89,2.64,2.92,3.26,3.84,2.89,2.99
1,3.3,3.49,2.89,3.33,3.3,3.94,2.4,2.89,4.62,3.49,3.3,3.79,3.21,3.84,3.59,3.33,4.22,3.84,2.74,3.23,3.32,3.94,3.25,2.87,4.22,3.94,3.71,2.87,4.22,3.49,3.3,3.33,4.62,3.49,3.76,3.33,4.15,3.49,3.76,3.33,4.11,3.38,2.74,3.23,4.62,3.84,2.4,3.23,4.62,3.49,3.3,2.87,4.22,3.49,3.74,3.33,3.3,3.94,2.84,3.33,4.22,3.49,3.3,3.79,4.52,3.49,3.3,2.94,4.22,3.38,2.74,3.23,4.62,3.94,3.25,2.87,4.62,3.49,3.3,2.89
1,4.22,3.49,3.3,3.79,4.22,3.49,3.3,3.33,4.62,3.49,3.76,3.33,4.52,3.43,3.3,3.35,3.32,3.83,3.15,2.79,3.3,3.49,3.35,3.33,4.22,3.49,3.3,2.89,3.32,3.49,3.3,3.79,4.62,3.49,3.3,3.33,4.11,3.38,2.77,3.23,4.22,3.86,2.74,3.69,4.22,3.94,3.3,2.89,4.22,3.49,3.76,3.79,4.22,3.49,3.76,3.79,4.22,3.49,3.3,3.35,4.62,3.49,3.3,3.79,4.11,3.49,3.3,3.79,4.11,3.38,3.2,3.23,4.62,3.88,2.74,3.23,4.22,3.93,3.25,2.89
1,4.22,3.49,3.3,2.89,4.22,3.49,3.3,3.79,4.22,3.49,3.3,3.79,4.52,3.49,3.3,3.79,4.11,3.38,2.69,3.23,4.22,3.94,3.6,3.69,4.22,3.49,3.76,3.79,4.62,3.94,3.3,3.33,3.3,3.94,3.71,3.33,3.3,3.49,3.71,2.87,3.3,3.94,1.92,2.89,4.22,3.83,3.2,3.23,4.62,3.49,3.3,2.89,4.22,3.94,3.3,3.33,4.62,3.49,3.74,3.35,4.62,3.49,3.3,3.33,4.22,3.49,3.3,3.79,4.11,3.49,3.3,3.79,4.11,3.38,2.74,2.79,4.22,3.94,3.69,3.33
1,4.22,3.94,3.3,3.33,4.22,3.94,3.3,3.33,3.3,3.94,2.38,2.87,4.52,3.49,3.3,3.79,4.52,3.38,2.79,2.84,4.22,3.49,3.3,2.87,4.62,3.49,3.3,2.89,4.22,3.49,2.89,2.87,3.32,3.49,3.28,3.33,3.2,3.38,1.92,2.79,4.22,3.94,3.3,3.28,4.22,3.93,3.25,2.89,4.62,3.49,3.3,2.89,4.22,3.49,3.3,3.79,4.62,3.49,3.3,3.79,4.11,3.94,2.79,2.89,4.11,3.38,2.74,3.23,4.22,3.49,3.3,2.89,4.22,3.93,3.3,3.33,4.22,3.49,3.3,3.33
1,4.62,3.49,3.3,3.79,3.3,3.94,1.94,2.87,4.22,3.49,2.81,2.82,4.62,3.93,3.25,2.89,4.62,3.94,3.3,3.35,4.22,3.49,3.3,3.79,4.22,3.49,3.74,3.33,4.22,3.49,3.3,3.79,4.11,3.38,3.3,2.89,4.62,3.84,2.74,3.69,3.32,3.94,3.25,2.87,3.3,3.93,4.15,3.33,4.62,3.49,3.3,3.33,4.22,3.49,3.3,3.79,4.22,3.49,3.3,3.79,4.11,3.38,3.3,3.33,4.22,3.83,3.2,3.23,4.22,3.94,3.25,2.89,4.62,3.94,2.84,3.33,4.22,3.49,3.3,2.89
1,4.22,3.49,3.3,3.79,4.22,3.49,3.28,3.79,4.11,3.38,3.3,2.89,3.3,3.94,3.3,3.23,4.22,3.94,3.3,3.33,4.22,3.93,3.3,3.33,3.3,3.93,2.79,3.33,4.22,3.49,3.3,3.33,3.2,3.84,1.79,2.77,4.22,3.93,3.25,2.89,3.3,3.93,4.15,3.33,4.22,3.49,3.74,3.33,3.32,3.49,3.3,3.35,4.22,3.49,3.3,3.79,4.11,3.38,3.3,3.33,4.22,3.38,2.74,3.23,3.32,3.94,3.25,2.89,3.3,3.94,2.84,2.89,4.22,3.49,3.76,3.35,4.52,3.49,3.3,3.35
1,4.11,3.38,3.2,3.23,4.62,3.91,3.18,3.23,4.22,3.49,3.76,3.79,3.77,3.49,3.76,3.33,4.22,3.49,3.76,3.35,3.3,3.49,3.69,2.89,3.32,3.49,3.28,3.79,3.2,3.38,2.74,3.23,4.22,3.49,3.3,2.87,4.62,3.49,3.3,2.87,3.3,3.93,3.25,2.89,4.22,3.49,3.3,3.79,3.2,3.38,2.28,2.79,4.22,3.94,3.71,2.87,4.62,3.49,3.3,2.89,3.3,3.94,2.84,2.89,4.62,3.49,3.3,3.79,4.11,3.49,3.3,3.79,3.2,3.83,3.66,3.23,3.32,3.94,3.25,2.89
1,3.3,3.49,2.89,2.89,4.22,3.49,3.3,3.79,4.62,3.49,3.3,3.79,4.22,3.49,3.3,3.79,3.21,3.38,1.79,3.23,4.22,3.94,3.3,3.33,3.3,3.49,3.35,3.33,4.22,3.49,3.3,3.79,3.32,3.49,3.3,3.79,4.52,3.49,3.3,2.92,4.11,3.38,2.69,2.77,4.22,3.93,3.3,3.35,4.22,3.49,3.74,3.79,4.62,3.94,3.3,2.89,4.62,3.49,3.3,3.33,4.22,3.49,3.3,3.79,4.22,3.49,3.74,3.79,4.11,3.38,3.3,2.87,3.32,3.49,3.64,2.77,4.62,3.49,3.3,2.89
1,4.62,3.49,3.3,3.33,4.22,3.5,2.84,2.87,4.22,3.49,3.3,3.35,3.21,3.38,1.82,3.23,4.22,3.49,3.3,2.89,4.22,3.49,3.74,3.79,4.22,3.49,3.74,3.33,4.62,3.49,3.3,3.79,4.22,3.49,3.3,3.79,4.11,3.49,3.3,3.79,4.11,3.38,2.69,2.77,4.22,3.94,3.71,2.87,3.32,3.94,3.23,3.33,4.22,3.49,3.3,3.79,4.22,3.49,3.3,3.79,4.22,3.49,3.3,3.79,4.52,3.49,3.28,3.79,4.52,3.38,3.2,3.23,4.62,3.49,3.66,3.69,4.22,3.94,3.3,3.33
1,4.22,3.93,3.3,3.35,4.22,3.49,3.3,2.89,4.22,3.49,3.3,3.79,4.22,3.49,3.3,3.79,4.52,3.49,3.3,3.79,4.11,3.83,3.64,3.33,3.32,3.93,3.18,3.23,4.62,3.49,3.74,3.79,4.22,3.93,3.3,2.89,3.3,3.49,3.69,2.89,3.3,3.94,2.84,2.89,3.2,3.84,2.28,2.77,4.22,3.94,3.3,3.33,4.22,3.94,3.3,3.35,4.22,3.93,3.76,2.89,4.22,3.49,3.3,3.33,4.22,3.49,3.3,3.79,4.11,3.38,2.38,2.89,4.62,3.83,3.2,3.23,3.32,3.93,3.25,2.89
1,3.3,3.94,4.17,3.33,4.62,3.93,3.3,3.79,4.62,3.49,3.3,3.79,4.22,3.49,3.3,3.79,4.52,3.94,3.3,2.89,4.52,3.83,3.2,3.69,4.62,3.83,3.2,3.69,4.22,3.93,3.3,3.33,4.62,4.62,4.62,4.62,4.11,3.38,3.2,2.79,4.22,3.49,3.76,3.35,4.22,3.93,3.3,3.33,4.22,3.93,3.74,3.33,4.22,3.49,3.3,3.38,4.22,3.49,3.3,3.79,4.11,3.94,2.84,3.79,4.11,3.38,3.15,2.74,4.06,3.79,4.01,3.38,4.68,4,5.27,3.35,4.32,4.39,3.25,3.18
1,4.22,3.94,2.84,3.33,4.22,3.49,2.89,2.89,4.22,3.49,3.3,3.79,4.22,3.49,3.3,3.79,4.11,3.38,2.77,3.25,4.22,3.49,3.2,2.48,4.22,3.49,3.3,3.33,4.22,3.49,3.74,2.87,4.23,3.49,3.3,3.79,4.22,3.49,3.3,3.33,4.11,3.4,2.84,3.33,4.22,3.84,2.74,3.67,4.22,3.49,3.3,2.87,4.22,3.93,3.3,3.33,4.22,3.49,3.76,2.87,4.22,3.49,3.74,3.79,4.22,3.49,2.89,3.79,4.11,3.38,3.28,3.33,4.22,3.83,3.2,2.82,4.22,3.49,3.74,3.33
1,4.22,3.49,3.76,3.33,4.22,3.49,3.74,3.33,4.22,3.49,3.76,3.79,4.22,3.49,3.3,3.33,4.11,3.49,3.3,3.79,4.11,3.38,2.74,2.77,4.22,3.94,3.3,3.69,4.22,3.49,3.76,3.33,4.22,3.93,3.3,3.79,4.22,3.49,3.74,3.33,4.22,3.49,3.76,3.79,4.22,3.49,3.3,3.79,4.11,3.49,3.76,3.33,4.11,3.38,2.74,3.23,4.22,3.49,3.76,3.69,4.22,3.49,3.3,2.89,4.22,3.49,3.76,3.79,4.22,3.49,3.3,2.94,4.22,3.49,3.74,2.94,4.11,3.49,3.3,3.79
1,4.11,3.38,3.2,3.23,4.22,3.93,3.2,3.69,4.22,3.93,3.3,3.33,4.22,3.49,3.3,2.89,4.22,3.49,3.76,2.89,4.22,3.49,3.3,2.89,4.11,3.49,3.3,3.33,4.11,3.38,2.74,2.77,4.22,3.49,3.3,2.87,4.22,3.49,3.3,2.89,4.22,3.49,3.76,3.79,4.22,3.49,3.3,3.79,4.11,3.49,3.28,3.79,4.11,3.38,2.69,3.23,4.22,3.49,3.76,3.69,4.22,3.49,3.74,3.33,4.22,3.49,3.76,3.33,4.22,3.49,3.74,3.33,4.22,3.94,3.3,2.89,4.22,3.49,3.74,3.79
1,4.11,3.49,3.76,3.79,4.11,3.38,2.74,3.23,4.22,3.49,3.3,2.87,4.22,3.93,3.3,3.33,4.22,3.49,3.76,3.79,4.22,3.49,3.3,3.79,4.22,3.49,3.3,3.79,4.22,3.49,3.76,3.33,4.11,3.38,3.2,3.33,4.22,3.49,3.2,3.23,4.22,3.94,3.28,3.33,4.22,3.94,3.3,3.79,4.22,3.49,2.43,2.92,4.22,3.03,2.43,3.33,4.52,2.98,3.74,3.79,3.3,3.84,3.2,3.23,4.62,3.94,3.3,3.77,4.22,3.49,3.3,3.33,4.22,3.03,2.4,3.33,4.22,3.49,3.3,2.92
1,4.11,3.49,3.3,3.38,3.32,3.38,3.2,3.23,4.62,3.49,3.74,3.33,4.22,3.94,4.15,3.33,4.22,3.49,3.35,3.33,4.22,3.49,3.74,3.79,4.22,3.94,3.25,2.87,4.22,3.94,2.84,3.79,4.11,2.98,3.2,3.28,4.22,3.04,2.38,2.92,4.22,3.49,3.3,2.43,4.22,3.49,3.74,2.94,4.22,3.94,3.25,3.79,4.11,3.03,2.84,2.89,4.22,3.47,3.15,3.69,4.22,3.49,3.74,3.33,4.22,3.03,3.3,2.92,4.22,3.04,2.43,3.79,4.22,3.49,3.74,2.47,4.11,3.84,3.3,3.79
1,4.52,3.84,2.74,3.69,4.22,3.94,3.25,2.82,4.22,3.03,3.28,3.33,4.22,3.03,2.43,3.33,3.26,3.38,3.94,3.83,4.01,4.49,5.8,3.35,3.4,3.28,3.76,2.92,4.22,24.55,2.91,2.69,3.4,4.44,2.58,3.89,4.37,3.84,2.79,3.38,3.81,3.28,2.33,3.08,3.86,3.59,3.2,3.83,4.22,3.94,4.35,4.05,4.22,3.04,2.43,4.15,4.52,3.83,3.64,3.18,4.06,2.87,2.58,4.18,3.4,4.28,2.74,3.43,4.17,3.64,2.99,3.28,4.01,4.13,3.15,3.49,3.42,3.59,3.4,3.18
1,3.3,3.38,2.53,2.67,4.11,3.03,2.53,2.62,3.83,4.35,3.5,2.58,3.4,4,4.15,3.89,3.21,3.03,2.23,3.18,3.35,3.49,2.99,3.13,3.35,3.49,2.94,2.77,3.4,3.54,3.04,2.64,3.25,3.84,3.04,3.79,4.52,2.92,4.32,3.49,4.18,3.43,3.81,2.98,3.3,3.94,3.74,2.52,4.57,4.28,2.58,3.59,4.32,3.94,3.45,3.64,3.35,3.93,4.2,2.84,3.26,3.84,3.3,3.04,4.57,3.89,3.04,3.04,4.17,3.94,3.49,3.33,4.22,3.08,3.04,3.59,4.22,3.43,3.94,2.79
1,3.37,3.49,3.28,2.82,3.32,3.94,3.3,2.92,4.11,3.38,3.84,3.03,3.25,3.49,2.35,3.03,3.4,3.54,3.79,3.23,3.37,3.94,3.45,3.13,3.3,3.03,2.99,3.69,3.35,3.38,3.2,2.87,3.37,3.54,2.74,3.49,3.32,4.34,2.23,3.94,3.3,3.94,2.89,2.48,4.17,3.89,3.43,3.98,4.11,3.38,3.3,3.54,3.3,3.03,3.25,3.43,4.22,3.49,3.15,3.84,3.37,3.54,3.96,3.04,3.32,3.94,2.43,3.84,4.52,3.43,2.99,2.72,4.17,3.84,3.35,3.08,4.22,3.49,3.33,2.94
1,3.32,3.03,3.25,3.43,3.35,3.54,2.79,3.49,3.3,3.49,2.69,2.92,4.11,3.38,2.43,3.98,3.35,3.49,3.09,3.18,4.22,3.49,3.76,3.28,4.22,3.94,3.15,3.43,3.32,3.94,3.25,3.03,3.2,2.92,3.13,3.74,3.35,3.93,2.89,2.84,3.37,3.49,3.45,3.18,4.22,3.43,2.53,3.28,4.22,3.93,3.2,3.84,3.2,3.38,3.55,3.88,3.3,3.83,3.15,2.87,4.22,3.49,3.76,3.74,3.37,3.93,3.4,3.64,4.22,3.03,2.99,3.23,3.3,3.49,4.17,3.84,4.62,3.08,2.23,3.43
1,4.11,3.83,3.15,2.87,3.3,3.88,3.74,3.18,3.91,3.13,4,3.28,5.39,3.94,4.91,3.55,3.71,3.59,3.69,3.18,5.24,3.88,4.45,3.83,4.57,4.28,3.55,3.43,4.42,3.28,3.15,3.43,3.96,3.69,2.79,4.08,3.25,3.43,2.94,3.52,4.17,3.79,3.84,3.38,3.45,4.05,3.35,3.33,3.81,3.43,3.76,3.43,4.08,3.38,3.84,3.38,4.11,4.34,3.35,3.79,4.42,4.39,2.35,3.23,3.91,2.92,3.43,4,4.52,3.43,3.66,2.77,4.01,3.54,2.79,3.38,3.81,3.13,2.89,3.49
1,4.01,3.38,4.2,3.43,4.17,2.92,4.35,3.93,3.45,3.23,4.25,3.74,3.5,3.28,3.49,3.08,4.27,4.23,3.09,3.59,3.55,4.44,3.89,3.38,4.57,3.89,2.84,3.64,4.47,3.28,3.66,4.13,3.47,3.94,2.84,3.64,3.86,3.64,2.69,3.38,4.01,4.25,3.64,2.92,3.81,3.79,3.2,3.18,4.68,4.03,2.33,3.08,4.57,3.09,2.64,3.49,3.3,2.94,2.99,3.33,3.25,2.98,3.4,3.43,4.68,3.54,3.33,2.87,4.32,3.43,2.79,3.03,3.26,2.92,3.5,2.87,4.22,4.03,3.15,2.87
1,3.3,2.99,1.97,3.08,3.26,2.92,3.2,3.69,3.3,3.09,2.94,3.69,3.93,3.59,4.06,3.28,3.25,2.84,3.5,2.84,4.06,3.43,3.28,2.62,3.4,3.59,3.35,2.98,3.4,3.03,2.94,3.54,3.25,2.98,2.89,3.03,3.35,3.54,2.74,3.33,4.32,3.54,3.04,2.57,3.3,3.84,2.43,3.08,4.52,3.94,3.15,3.54,3.3,3.43,2.64,3.49,4.68,2.92,2.38,3.79,3.3,3.49,3.54,2.72,3.37,3.49,4.05,3.49,3.4,3.94,2.38,2.89,3.15,3.38,3.84,3.13,4.17,3.08,3.09,2.92
1,3.37,3.04,3.15,3.43,3.42,3.94,4.25,3.64,3.3,3.89,3.59,3.03,3.4,3.79,1.68,3.81,4.01,4.05,4.3,3.08,4.01,3.89,4.3,3.38,5.13,27.85,4.25,3.33,4.52,2.92,3.25,3.59,4.27,4.39,2.79,3.62,4.47,3.76,2.72,2.82,3.77,4,2.79,3.13,3.35,3.59,3.09,3.33,3.25,3.84,2.53,3.08,4.62,3.74,2.23,3.08,3.86,3.13,2.74,2.98,3.32,3.83,3.71,3.88,5.03,3.08,2.58,3.28,4.52,3.64,3.15,4,3.3,3.43,3.54,3.33,3.86,3.33,3.69,3.33
1,4.32,3.18,3.76,3.72,4.11,3.72,2.69,3.74,4.32,3.08,2.58,3.74,4.98,3.64,3.45,3.18,3.26,3.89,3.86,3.28,3.04,3.79,3.38,3.57,3.47,3.49,3.91,2.43,3.67,3.03,3.43,3.28,4.62,4.62,4.62,4.62,3.4,3.93,4,3.89,3.4,3.89,2.64,3.59,4.22,3.84,3.35,3.38,3.25,3.59,2.64,3.98,3.3,3.43,3.45,3.43,4.57,3.43,2.38,2.58,3.35,3.94,2.99,4,4.32,3.04,3.55,2.64,3.35,3.43,3.35,3.79,3.18,3.38,3.74,3.89,3.32,3.59,2.69,3.03
1,4.22,3.08,3.3,3.79,4.22,3.94,3.3,2.94,4.22,3.93,3.3,3.33,4.22,3.93,3.3,3.33,4.11,3.49,3.3,2.92,4.22,3.84,3.2,3.23,4.22,3.94,3.3,3.69,4.22,3.93,3.3,3.79,4.22,3.94,3.3,3.77,4.22,3.93,3.3,3.79,4.22,3.93,3.3,3.33,4.22,3.49,3.3,2.94,4.11,3.84,2.84,3.33,4.22,3.83,3.2,3.69,4.22,3.94,3.3,3.69,4.22,3.94,3.3,3.79,4.22,3.94,3.3,3.79,4.22,3.49,3.3,2.92,4.23,3.49,3.3,2.94,4.11,3.49,3.76,3.79
1,4.11,3.38,3.2,3.33,4.22,3.49,3.2,3.23,4.22,3.94,3.3,3.79,4.22,3.94,3.3,3.79,4.22,3.49,3.35,3.33,4.22,3.49,3.3,3.33,4.22,3.49,3.3,2.92,4.11,3.84,2.84,2.87,4.22,3.49,2.89,3.23,4.22,3.49,3.74,3.33,4.22,3.49,2.89,3.33,4.22,3.49,3.3,2.94,4.22,3.49,3.3,3.79,4.11,3.49,3.3,3.79,4.11,3.38,2.69,3.23,4.22,3.94,3.3,2.94,4.22,3.94,3.3,3.79,4.22,3.49,3.76,3.33,4.22,3.49,3.3,3.33,4.22,3.49,3.3,3.79
1,4.11,3.49,3.76,3.79,4.11,3.83,3.2,2.92,4.22,3.94,3.2,3.67,4.22,3.93,3.3,3.35,4.22,3.49,3.3,2.87,4.22,3.49,3.76,2.89,4.23,3.94,3.3,3.33,4.22,3.93,3.3,3.35,4.11,3.38,3.2,2.87,4.22,3.93,3.2,3.69,4.22,3.93,3.3,3.79,4.22,3.94,3.3,3.33,4.22,3.49,3.76,3.79,4.22,3.94,3.3,2.89,4.22,3.93,3.71,3.79,4.22,3.49,3.3,3.79,4.11,3.84,2.84,3.33,4.22,3.43,2.74,3.69,3.35,3.49,3.3,3.33,4.22,3.49,3.76,3.33
1,4.62,3.93,3.3,3.79,4.22,3.49,3.3,3.79,4.22,3.49,3.3,3.35,4.11,3.38,2.74,3.23,4.22,3.49,3.66,3.69,4.23,3.49,3.76,3.35,4.22,3.49,3.76,3.33,4.22,3.49,3.76,3.33,4.22,3.49,3.3,3.79,4.22,3.49,3.3,2.92,4.11,3.49,3.3,3.79,4.11,3.38,2.74,3.23,4.22,3.49,3.76,3.69,4.22,3.93,3.3,3.33,4.22,3.49,2.89,3.33,4.22,3.49,3.3,3.79,4.22,3.49,3.3,3.79,4.11,3.94,3.3,3.33,4.11,3.83,3.2,2.92,4.22,3.93,3.2,3.69
1,4.22,3.93,3.3,3.79,4.22,3.93,3.3,3.33,4.22,3.94,3.3,3.79,4.22,3.49,3.3,3.79,4.22,3.49,3.3,3.79,4.11,3.49,3.3,3.79,4.11,3.38,2.74,3.23,4.22,3.94,3.3,3.69,4.22,3.49,3.3,2.89,4.22,3.94,3.3,3.79,4.22,3.49,3.74,3.79,4.22,3.49,3.74,3.79,4.22,3.94,2.84,3.33,4.11,3.38,2.84,3.33,4.22,3.83,3.2,3.69,4.22,3.94,3.3,3.69,4.22,3.49,2.89,2.87,4.22,3.49,3.3,2.94,4.22,3.49,3.3,2.94,4.11,3.49,3.3,3.79
1,4.11,3.83,3.64,3.79,4.22,3.4,2.33,3.23,4.22,3.94,3.3,3.33,4.22,3.94,3.3,3.77,4.22,3.49,3.76,3.33,4.22,3.49,3.3,2.94,4.22,3.49,3.76,3.79,4.11,3.49,3.3,3.79,4.11,3.38,2.74,3.23,4.22,3.94,3.3,3.72,4.22,3.49,3.76,3.79,4.22,3.94,3.3,3.79,4.22,3.49,3.76,3.79,4.22,3.49,3.3,3.79,4.22,3.49,3.3,3.79,4.11,3.49,3.28,2.92,4.11,3.38,3.2,2.77,4.22,3.94,3.3,3.79,4.22,3.49,2.89,3.33,4.22,3.49,3.76,3.33
1,4.22,3.49,3.3,2.92,4.22,3.49,3.76,3.79,4.11,3.49,3.3,3.33,4.11,3.84,3.2,3.23,4.22,3.94,3.3,3.69,4.22,3.94,3.3,3.79,4.22,3.93,3.3,3.33,4.22,3.49,3.74,3.33,4.22,3.49,3.3,3.33,4.22,3.94,2.84,3.33,4.11,3.38,2.74,3.23,4.22,3.94,3.2,3.69,4.22,3.94,3.3,3.79,4.22,3.93,3.3,3.35,4.22,3.49,2.89,2.87,4.22,3.49,3.3,3.79,4.22,3.49,3.3,3.79,4.11,3.38,2.84,3.33,4.22,3.49,3.66,3.69,4.22,3.49,2.89,3.33
1,4.22,3.94,3.3,3.33,4.22,3.94,3.3,3.79,4.22,3.49,3.76,3.79,4.22,3.49,3.3,2.92,4.11,3.49,3.3,3.79,4.11,3.38,3.18,3.69,4.22,3.84,2.74,3.69,4.22,3.49,3.74,3.33,4.22,3.93,3.3,3.79,4.22,3.49,2.89,2.87,4.22,3.49,3.3,3.79,4.22,3.49,3.3,3.79,4.11,3.84,3.3,2.87,4.22,3.83,3.2,3.69,4.22,3.49,3.76,3.69,4.22,3.94,3.3,3.79,4.22,3.49,2.89,3.33,4.22,3.49,3.3,3.79,4.22,3.49,3.3,3.33,4.11,3.49,3.3,3.79
1,4.11,3.38,2.74,2.77,4.22,3.94,3.3,3.72,4.22,3.94,3.3,3.79,4.22,3.94,3.3,3.79,4.22,3.49,3.76,3.33,4.22,3.49,3.76,3.79,4.22,3.49,3.3,3.79,4.11,3.49,3.3,3.79,4.11,3.38,2.74,3.23,4.22,3.93,3.3,3.69,4.22,3.94,3.3,3.79,4.22,3.93,3.3,3.79,4.22,3.49,3.3,3.79,4.22,3.93,3.3,3.33,4.22,3.49,3.28,3.79,4.11,3.83,3.28,3.79,4.11,3.38,2.74,3.23,4.22,3.94,3.3,3.69,4.22,3.49,3.76,3.33,4.22,3.94,3.3,3.35
1,34.22,3.09,2.79,3.79,4.22,3.94,3.74,3.33,4.22,3.49,3.74,3.79,4.22,3.49,2.89,3.79,4.11,3.49,3.3,2.94,4.11,3.38,3.15,3.28,4.22,3.94,3.3,3.23,4.22,3.94,3.3,3.79,4.22,3.94,3.3,3.79,4.22,3.49,3.76,3.33,4.22,3.49,3.3,2.94,4.22,3.49,3.3,3.79,4.11,3.38,2.82,3.32,4.22,3.84,2.74,3.69,4.22,3.94,3.3,3.35,4.62,3.93,3.3,3.33,4.22,3.49,3.76,3.79,4.22,3.49,3.3,3.79,4.22,3.49,3.3,3.79,4.22,3.94,3.3,3.33
1,4.11,3.38,3.2,2.87,4.22,3.94,3.2,2.82,4.22,3.94,3.3,3.33,4.22,3.94,3.28,2.89,4.22,3.49,3.76,3.79,4.22,3.49,3.3,3.79,4.22,3.49,3.3,3.79,4.11,3.38,2.79,2.89,4.22,3.94,3.2,3.69,4.22,3.94,3.3,3.33,4.23,3.94,3.3,3.33,4.22,3.49,2.89,2.89,4.22,3.49,3.76,2.48,4.11,3.94,3.3,3.33,4.11,3.38,2.69,3.23,4.22,3.94,3.3,3.69,4.22,3.93,3.76,3.35,4.23,3.49,2.89,2.89,4.23,3.49,3.76,3.79,4.62,3.93,3.3,3.33
1,4.22,3.93,3.3,3.33,4.11,3.38,3.25,3.33,4.22,3.84,2.74,3.69,4.22,3.94,3.3,3.77,4.22,3.94,3.3,3.79,4.22,3.94,3.3,3.79,4.22,3.49,3.76,2.87,4.22,3.49,3.3,3.79,4.22,3.03,2.43,3.33,4.11,3.38,2.28,2.79,4.22,3.94,3.3,3.35,4.23,3.49,3.3,2.89,4.23,3.49,3.74,3.38,4.22,3.93,3.3,2.94,4.11,3.49,3.3,2.89,4.11,3.84,2.74,3.23,4.22,3.93,3.3,2.89,4.22,3.49,2.89,3.33,4.22,3.49,2.89,3.79,4.22,3.49,3.3,3.33
1,4.23,3.94,2.84,3.33,4.11,3.38,2.74,3.23,4.22,3.94,3.3,3.23,4.22,3.03,2.84,3.33,4.22,3.94,3.3,2.48,4.62,3.94,3.3,2.89,4.11,3.49,3.76,3.79,4.13,3.38,1.82,3.23,4.22,3.94,3.3,3.23,4.22,3.49,3.76,3.33,4.22,3.49,3.76,3.33,4.22,3.49,3.3,2.92,4.22,3.94,2.33,2.89,4.11,3.38,2.79,2.87,4.22,3.49,3.64,2.77,4.22,3.49,3.76,3.79,4.23,3.94,3.3,3.33,4.22,3.94,3.3,3.33,4.22,3.03,1.97,3.35,4.13,3.94,3.23,3.33
1,4.11,3.84,1.82,3.23,4.22,3.94,3.3,3.79,3.3,3.03,3.71,2.77,5.95,3.13,2.69,2.74,4.06,4.2,4.71,3.54,4.68,3.89,3.6,2.77,11.42,14.54,7.09,3.54,4.22,4.25,3.74,2.98,4.27,4,3.66,3.28,4.42,3.38,4.68,3.54,4.98,3.08,3.49,3.79,4.05,3.69,2.43,4.1,3.86,4.05,4.25,2.79,4.68,4.34,4.88,4.81,3.21,4.13,3.55,2.69,4.22,3.54,3.84,3.54,4.73,3.59,3.84,3.79,4.78,3.38,3.4,2.98,4.37,3.08,2.84,3.08,4.68,4.03,3.66,3.38
1,4.42,2.92,3.45,3.88,3.35,3.33,3.5,2.99,3.72,3.15,3.54,3.28,3.4,3.54,4,3.59,4.47,2.92,3.76,2.57,3.4,3.83,3.96,3.59,3.71,3.89,2.74,3.69,4.11,3.43,2.53,3.49,3.3,3.38,3.89,3.74,4.68,3.59,1.97,3.08,3.86,3.18,3.35,3.18,3.6,3.28,2.79,3.84,3.4,3.04,3.04,3.64,4.22,3.15,3.64,3.74,3.3,3.49,2.18,3.08,3.3,4.3,2.13,4.15,4.06,3.89,2.02,2.87,3.4,3.54,4,2.74,4.22,3.84,3.09,3.69,3.32,3.43,2.89,2.53
1,4.62,3.59,2.58,3.79,3.3,2.98,3.81,3.59,4.06,3.79,3.2,2.58,3.4,4.03,3.5,2.58,3.52,4.44,3.15,2.94,4.52,3.79,3.43,3.43,3.26,3.08,3.09,3.49,3.45,4,2.07,3.38,3.25,3.89,3.55,3.49,4.17,3.03,3.04,3.33,4.32,3.59,3.66,2.43,4.68,3.49,4.22,3.18,4.47,3.43,4.05,3.18,3.23,2.99,3.86,2.92,4.27,3.54,3.15,3.49,3.37,3.94,3.4,2.89,3.3,3.43,3.66,3.49,3.4,3.49,3.04,2.64,3.25,3.38,2.58,3.33,3.25,3.49,1.67,3.13
1,4.18,3.38,2.84,3.2,4.18,3.79,2.43,3.66,4.18,3.38,3.32,3.66,4.18,4.27,3.3,2.79,4.06,3.28,2.35,3.54,4.18,3.4,2.43,3.64,3.26,3.4,2.86,3.25,4.18,3.4,2.91,3.25,4.18,3.4,2.89,3.66,4.06,3.3,3.25,3.2,4.18,3.4,2.45,3.54,4.18,3.38,3.3,3.2,4.18,4.25,3.32,3.69,3.26,2.94,2.89,3.25,4.18,4.25,2.84,2.79,4.08,2.84,2.81,3.55,4.18,3.4,2.86,3.2,4.18,3.4,2.45,3.66,3.72,2.94,2.91,3.66,3.26,2.94,2.43,2.79
1,4.18,3.3,2.79,3.55,4.18,3.4,2.91,3.66,4.18,3.4,2.86,3.2,4.18,3.4,2.48,3.64,4.17,2.99,2.86,2.79,3.64,3.3,2.33,3.55,3.72,3.38,3.3,3.2,3.72,4.25,3.32,3.25,3.72,2.94,2.43,2.79,4.08,3.38,2.91,3.66,3.62,3.3,2.79,3.54,3.72,3.4,3.32,3.25,4.18,3.84,3.3,3.2,4.18,3.4,2.5,3.66,4.17,3.84,2.84,2.79,4.08,3.3,2.81,4,4.18,3.38,3.2,3.15,3.72,3.4,2.45,3.25,3.26,2.94,2.89,2.79,4.18,3.38,2.45,3.64
1,4.08,3.3,2.81,2.69,3.72,4.27,3.32,3.25,4.18,3.4,2.45,3.64,3.26,2.94,2.91,3.66,3.26,3.4,2.91,3.66,3.62,3.3,2.79,3.55,4.18,3.4,2.43,3.66,4.18,3.4,2.91,3.66,4.17,3.4,2.48,3.66,3.72,3.4,3.35,3.66,4.49,3.4,2.89,3.64,4.49,3.3,2.79,3.54,4.18,3.4,2.91,3.66,4.18,3.38,3.32,3.25,4.18,3.38,2.45,3.66,4.18,3.4,2.89,3.66,4.08,3.84,2.86,2.79,3.72,3.28,2.41,3.55,4.18,3.4,3.32,2.79,4.18,3.4,2.45,3.64
1,4.18,3.4,2.91,3.66,4.18,3.4,2.91,3.64,4.08,2.84,2.79,3.54,4.59,3.4,2.45,3.66,4.18,3.86,3.32,3.25,4.18,3.86,3.3,3.2,4.18,3.4,2.5,3.66,4.18,3.4,2.5,3.64,3.62,3.3,2.81,2.69,4.18,3.4,3.32,3.25,4.18,3.4,2.45,3.66,4.18,3.4,3.37,3.66,4.18,3.4,2.89,3.64,4.08,3.84,2.84,2.79,3.72,3.28,3.2,2.69,4.18,3.84,3.32,3.25,3.72,3.38,3.3,3.2,4.18,3.38,2.43,3.66,4.18,4.25,2.91,3.64,4.08,3.3,2.91,3.64
1,3.26,3.38,3.3,3.55,4.18,3.4,2.45,3.66,4.18,3.4,3.3,3.66,4.18,3.4,2.48,3.64,3.72,2.94,2.89,3.64,4.08,3.3,2.79,2.69,4.18,3.4,3.3,3.66,4.18,3.4,3.3,3.66,3.72,3.4,2.91,3.64,4.18,3.4,2.89,3.64,4.08,2.84,2.45,2.69,4.18,3.38,3.3,3.2,4.18,3.38,3.3,3.2,4.18,3.4,2.89,2.79,4.18,3.4,3.37,3.66,4.08,3.4,2.91,3.64,4.08,3.3,3.25,3.55,4.18,3.84,3.3,3.2,4.18,3.4,2.84,3.2,4.18,3.4,3.35,3.66
1,4.18,3.4,2.5,3.66,4.06,3.86,2.84,2.79,4.18,3.3,2.79,3.55,4.18,3.4,2.45,3.66,4.18,3.4,2.84,3.66,4.17,3.86,2.84,2.79,4.18,4.25,2.45,2.79,4.08,3.3,3.25,3.54,4.18,3.4,3.3,2.79,4.18,3.86,3.32,3.25,4.18,3.4,3.32,2.79,4.17,3.4,2.89,3.66,4.18,4.25,2.86,2.79,4.08,3.3,3.25,3.66,4.57,3.3,2.4,3.55,4.18,3.4,3.32,2.79,4.18,3.4,2.45,3.64,4.18,3.38,2.45,3.66,4.11,3.4,3.37,3.64,3.62,3.28,2.75,2.69
1,3.72,3.4,2.86,3.66,4.17,3.86,3.76,3.25,4.18,2.94,2.45,3.64,4.18,3.4,2.91,3.64,4.08,2.94,2.45,3.55,4.18,3.4,3.2,2.7,4.18,3.4,3.3,3.66,3.72,3.4,2.84,3.64,4.18,3.79,2.45,2.79,4.08,3.38,2.89,3.66,4.08,2.84,2.81,2.69,4.18,3.4,3.76,3.66,4.18,3.4,2.86,3.2,4.18,4.25,2.89,2.74,4.18,3.81,3.3,3.25,4.06,3.3,3.35,3.66,3.72,3.3,2.43,3.54,4.18,3.84,3.3,3.2,4.18,3.84,3.3,3.2,4.17,3.84,2.43,2.79
1,3.72,3.4,2.5,3.64,3.16,2.84,2.79,2.69,4.18,3.4,3.3,3.66,3.72,3.4,2.86,3.66,4.18,3.4,2.91,3.66,4.18,3.4,2.5,3.64,4.08,3.76,3.28,2.74,4.18,3.38,3.25,3.09,4.18,3.38,2.84,3.66,4.17,2.99,3.32,3.25,4.18,3.4,3.37,3.66,3.26,3.84,2.86,2.79,3.16,3.74,2.79,3.55,3.32,3.84,3.76,3.71,3.32,2.99,3.32,3.25,3.32,3.38,2.86,2.79,4.18,3.4,2.5,2.79,3.26,3.76,2.4,3.15,3.26,3.4,2.45,3.25,3.26,2.94,2.04,3.25
1,3.21,3.23,2.84,2.75,4.18,3.4,2.91,3.25,3.26,3.4,2.91,3.18,4.18,3.81,2.91,3.2,4.18,3.38,2.43,3.66,4.47,3.3,2.89,3.23,4.18,4.15,2.74,2.69,4.18,3.4,2.86,3.25,4.18,3.4,2.45,3.64,4.18,4.27,2.43,3.2,3.16,2.94,2.5,2.69,4.59,3.38,2.86,3.54,4.18,3.4,2.4,3.23,3.32,3.4,2.89,3.25,3.72,3.38,3.3,2.79,3.16,2.84,2.04,3.54,3.72,3.86,3.76,3.66,3.72,3.4,2.45,3.66,3.72,2.94,2.43,2.79,4.08,3.3,2.43,2.7
1,4.18,3.4,2.45,3.25,3.26,3.4,2.84,3.18,3.72,2.94,2.04,2.79,3.62,3.28,2.79,3.54,4.18,3.4,2.86,3.23,4.18,3.4,2.84,3.23,3.72,2.94,2.45,2.79,4.18,3.38,2.45,3.66,3.16,2.84,2.5,3.09,3.26,3.4,2.86,3.64,4.18,3.4,3.35,3.25,4.18,3.38,2.84,2.79,4.08,3.3,2.89,2.79,4.18,3.38,2.84,3.2,3.72,3.4,2.91,3.64,3.26,2.94,2.89,3.64,4.18,2.94,2.89,3.64,4.08,3.3,2.81,2.69,4.18,3.38,3.32,3.25,4.17,3.86,3.77,3.2
1,3.72,3.38,3.32,3.25,4.18,3.4,3.35,3.64,3.26,2.94,2.45,2.79,4.18,3.28,2.45,3.13,4.18,3.84,3.32,3.25,4.18,3.4,2.45,2.79,3.26,2.94,2.04,2.79,3.16,3.28,2.35,2.69,4.18,4.18,4.18,4.18,4.18,3.4,2.84,3.54,4.18,3.4,2.45,3.66,4.18,3.4,3.3,3.64,4.18,3.38,2.86,2.79,4.18,3.4,2.89,3.64,4.08,2.84,2.75,2.69,4.18,3.4,2.84,2.79,4.17,2.99,2.89,3.15,3.62,2.84,3.3,3.38,3.55,6.24,3.94,2.91,4.03,3.91,3.5,2.79
1,3.32,2.94,54.86,3.15,3.32,4.3,10.98,3.55,3.26,3.43,12.44,2.84,3.21,2.99,12.8,3.66,3.32,3.86,16,2.79,3.67,3.28,11.14,2.74,3.32,3.4,9.91,3.2,3.26,3.4,11.44,3.54,3.26,3.45,13.36,2.84,3.26,3.4,17.17,2.84,4.18,3.43,8.55,2.65,3.32,3.3,10.17,3.2,3.32,3.4,12.41,2.79,3.26,3.4,12.7,3.25,3.26,3.43,12.6,2.79,3.26,3.45,13.46,2.84,3.26,3.38,11.44,3.25,3.32,3.4,10.22,3.2,3.21,3.28,11.53,2.79,4.18,3.38,10.27,2.79
1,3.26,3.86,12.67,3.25,3.16,3.3,12.16,2.84,3.26,2.99,13.46,3.55,3.32,2.99,12.31,2.79,3.21,3.69,11.88,3.25,4.18,3.4,11.44,3.09,3.26,3.86,12.65,3.25,3.16,2.89,13.11,2.84,3.26,3.38,12.19,3.15,3.32,2.99,12.26,3.66,3.32,4.27,10.32,3.64,3.32,3.84,11.03,3.09,3.26,3.4,12.24,3.66,3.16,3.84,13.97,2.84,3.26,3.38,14.31,3.71,4.08,2.84,13.52,2.79,3.32,3.4,12.7,3.2,3.32,3.4,12.7,3.2,3.26,3.4,11.95,3.25,3.26,2.99,12.21,2.69
1,3.26,3.4,14.28,3.25,4.18,3.4,11.95,2.79,3.32,2.99,11.85,3.2,3.32,2.99,11.44,3.66,3.26,3.4,13.62,2.79,3.26,3.84,11.39,3.25,3.26,3.74,13.06,3.25,3.72,2.94,15.2,2.69,3.32,3.84,11.03,3.2,3.21,3.71,11.14,3.2,4.18,3.4,12.24,3.15,3.26,3.4,12.26,3.71,3.26,3.4,12.31,3.25,3.26,3.38,12.19,3.62,3.32,2.99,11.85,3.66,3.32,3.4,11.54,3.25,4.18,3.86,11.44,2.79,3.26,3.4,11.39,3.25,3.16,3.84,13.57,2.84,3.26,3.86,11.83,3.69
1,3.32,2.99,37.86,2.69,3.32,2.99,12.29,3.64,4.49,3.4,10.27,3.64,3.57,4.2,28.08,3.64,3.98,3.66,30.77,3.89,4.79,3.5,5.03,2.89,3.98,3.04,23.75,2.47,4.03,4.35,12.46,3.59,4.39,3.28,28.03,2.58,3.98,5.02,97.46,3.49,3.47,3.86,33.41,3.74,3.57,3.64,7.45,2.86,3.21,4,31.64,3.15,3.42,3.84,8.6,4.4,2.96,4.1,41.23,3.6,4.13,3.38,10.32,2.53,3.52,3.5,34.99,3.15,3.62,3.91,8.86,3.79,4.49,2.69,13.67,2.48,3.62,3.4,7.68,3.72
1,4.9,3.4,4.27,2.53,4.62,3.3,7.53,2.7,3.26,3.54,10.08,3.54,3.83,3.6,44.78,3.09,3.32,3.54,11.03,3.35,3.57,3.79,25.19,2.86,3.37,3.33,8.4,2.91,3.16,3.38,9.91,3.66,3.37,3.43,6.27,3.06,3.21,3.5,13.97,2.99,3.98,3.4,8.6,2.65,3.37,4.11,13.12,3.3,4.34,3.69,174.9,3.5,4.13,3.43,39.1,2.89,4.54,3.5,21.61,2.94,3.21,3.84,182.24,2.98,3.26,3.55,4.27,3.25,4.28,3.3,11.19,2.74,3.47,3.25,25.09,3.42,3.26,3.33,12.95,2.89
1,3.16,3.43,19.5,2.89,3.16,3.4,62.2,3.09,3.21,3.4,11.9,3.71,3.42,3.4,40.51,2.75,3.47,3.25,13.67,2.99,3.15,3.66,13.01,2.89,3.21,3.55,57.78,3.26,3.21,3.55,40.19,2.81,4.49,3.35,14.23,2.89,3.42,3.4,159.92,2.99,3.42,3.3,37.83,2.38,4.18,3.3,12.19,2.89,3.11,3.43,52.38,2.89,4.08,3.54,33.86,3.33,3.21,3.38,25.43,3.25,3.37,2.94,7.63,3.37,3.42,2.89,30.06,2.53,4.23,3.66,8.14,3.11,3.11,3.33,27.63,2.99,4.08,3.96,144.43,2.94
1,3.21,3.45,44.76,2.84,3.37,3.35,58,2.96,3.42,2.89,68.46,3.43,3.32,3.79,10.32,3.66,3.67,3.45,44.35,2.89,3.16,3.5,36.82,2.94,3.67,3.43,14.28,2.84,4.23,3.69,59.25,3.42,4.18,3.2,27.68,2.99,3.26,3.64,7.38,3.88,4.49,4.15,8.76,3.69,4.18,3.84,10.57,3.4,4.44,4.4,4.68,3.2,4.23,3.45,8.14,3.21,3.67,2.99,9.83,2.89,4.54,3.89,23.89,2.4,4.79,3.28,8.7,2.91,3.37,3.33,9.11,2.82,3.52,4.3,8.25,2.84,4.44,3.35,39.64,2.89
1,3.98,4.51,27.27,2.69,3.88,3.45,12.7,3.5,3.88,3.55,141.19,3.15,3.21,3.69,56.8,3.35,3.93,3.4,13.97,3.23,3.42,4.2,30.07,3.55,3.67,3.35,5.49,2.69,4.69,3.49,15.3,3.55,4.18,4.35,13.82,3.04,3.21,3.69,23.63,3.11,4.28,3.04,15.13,2.99,3.42,3.76,14.03,3.55,4.13,3.38,34.12,3.54,4.13,2.99,6.15,3.11,3.93,2.79,7.94,3.77,3.16,3.18,121.33,3.55,3.06,3.55,31.38,2.94,3.32,3.4,155.62,3.35,3.88,3.09,5.83,3.47,3.42,3.94,11.03,3.25
1,4.13,3.43,8.69,2.86,3.16,4.45,10.32,3.04,4.34,3.94,153.14,3.04,3.42,3.91,5.51,2.92,3.47,4.1,8.76,3.55,3.42,3.09,7.53,3.11,3.32,3.5,10.73,3.79,3.16,4.05,8.89,2.99,3.01,3.45,12.8,3.15,4.64,3.94,50.37,2.53,4.03,3.3,51.71,3.04,3.37,3.96,9.42,3.15,4.18,3.79,5.19,3.26,4.08,4.15,12.5,2.94,4.23,3.09,10.78,2.99,3.26,3.4,100.3,2.74,3.98,3.3,56.41,2.58,4.34,3.6,25.6,3.55,3.21,4.05,25.96,3.5,3.16,4.1,9.01,2.99
1,3.06,4.05,11.14,3.35,3.21,3.2,3.86,2.74,3.32,3.69,25.09,3.21,4.54,4.05,17.43,2.94,4.52,2.84,5.24,3.3,5.08,4.05,15.33,3.4,3.62,4.32,12.44,3.45,3.88,5.63,12,3.38,4.23,3.35,29.32,3.81,3.62,3.54,8.19,2.82,4.23,3.6,20.01,3.74,3.06,3.35,48.74,3.71,3.67,3.49,50.92,3.66,3.32,4,11.73,2.94,4.34,3.55,19.4,3.5,3.67,3.33,8.09,3.11,3.77,3.6,22.83,3.47,4.69,3.76,13.77,2.43,4.54,3.35,14.79,3.86,4.69,3.59,34.63,2.58
1,3.16,3.4,8.25,2.96,4.23,2.84,51.29,3.3,3.72,3.3,15.5,3.04,3.32,3.86,24.43,2.96,3.98,3.89,7.53,2.4,3.21,3.35,48.82,2.64,3.83,3.89,8.3,3.16,4.08,3.25,16.15,3.4,3.77,3.28,24.34,3.37,4.59,3.43,4.32,2.69,3.37,3.35,20.47,2.69,3.42,3.35,36.33,3.6,3.11,3.45,2.64,2.48,3.67,3.89,25.25,2.48,4.03,3.25,2089.78,3.25,3.16,3.84,13.41,3.25,4.74,3.74,60.98,2.69,3.32,3.45,3.15,2.94,3.11,3.45,14.08,2.89,3.42,3.25,6.05,3.16
1,3.37,3.5,22.2,3.42,3.16,3.55,51.99,2.94,3.26,3.74,52.24,3.45,3.26,3.25,12.8,3.35,3.32,3.5,11.88,3.35,4.08,2.99,20.45,3.71,3.37,3.71,10.63,3.69,3.21,3.45,6.51,2.91,3.21,3.79,26.76,3.45,3.26,3.23,8.3,3.16,3.37,3.04,77.06,2.86,3.72,3.49,24.8,2.75,3.21,3.69,21.13,3.71,3.32,3.43,137.17,2.65,3.32,3.42,4.22,3.35,3.26,3.3,8.6,3.52,4.18,3.3,20.3,3.35,3.32,3.49,41.45,2.7,4.54,3.45,18.22,2.74,3.26,3.35,34.68,2.64
1,4.18,3.89,8.76,2.58,4.18,3.4,11.14,2.79,4.18,3.35,11.49,2.94,3.16,2.89,75.4,2.89,3.26,3.79,17.2,3.2,4.18,3.81,6.63,2.7,3.67,3.33,9.2,3.55,3.83,4,3.25,3.55,5.59,3.15,10.78,3.3,4.32,3.38,5.44,2.53,4.69,3.55,42.26,2.65,4.13,4.2,17.82,3.6,3.93,3.94,32.44,3.2,4.44,20.52,26.71,3.3,3.88,3.74,15.64,3.4,4.39,4.35,8.25,2.48,4.18,4.1,32.5,3.3,4.74,2.99,18.19,3.4,3.98,3.55,25.14,2.35,3.88,2.84,13.06,2.94
1,3.57,3.66,21.62,3.77,4.64,3.43,10.63,3.4,3.67,3.13,14.99,2.6,3.67,4,7.68,3.16,4.95,3.35,32.1,2.53,4.39,3.91,10.06,3.4,4.23,3.64,8.25,3.11,3.62,3.25,34.27,3.25,3.42,3.74,24.33,2.81,3.52,3.5,5.76,2.64,3.52,3.69,101.49,2.89,3.37,3.6,10.47,3.35,3.47,3.5,10.12,3.35,3.16,3.89,47.33,3.09,3.11,3.4,13.53,3.35,3.42,3.74,21.54,3.09,3.47,3.64,40.14,3.11,4.08,3.89,4.42,3.28,4.18,3.5,10.52,3.2,3.93,2.79,9.3,3.91
